Date,mkt_par_lb,mkt_n_trades,mkt_px_std_daily,dIG_spread,dIG_spread_lag1,VIXCLS_level,cpi_mom,cpi_mom_lag1,core_cpi_mom,core_cpi_mom_lag1,pce_mom,pce_mom_lag1,indpro_mom,indpro_mom_lag1,ccsa_growth,ccsa_growth_lag1,UNRATE_lag1,dT5YIFR,dT5YIFR_lag1,dT5YIE,dT5YIE_lag1,dT10YIE,dT10YIE_lag1,ln_mkt_par_lb,ln_mkt_par_lb_lag1,ln_mkt_n_trades,ln_mkt_n_trades_lag1,mkt_px_std_daily_lag1,dmkt_px_std_daily,dmkt_px_std_daily_lag1
2003-03-31,90577962348.0,251900.0,0.9036947316,-1.5916040000000464,-7.9105605000000025,30.63428571,0.0016326534238855217,0.005461510025521754,0.0,0.00051961549623325,0.0025635919766786586,0.004200953653426431,-0.002742371997936033,0.001245700247824999,0.029753692446950808,0.006567928448690807,5.9,-0.14057644199999997,0.0605764419999999,0.04102756899999993,0.25611528799999994,-0.049774435999999866,0.1583458649999998,25.229476779215354,24.69237540210195,12.436787462340702,11.896288103170445,0.892305335,0.011389396600000046,0.0603013523
2003-04-30,95088150521.0,243308.0,0.8444369347,-21.714285799999942,-1.5916040000000464,23.99190476,-0.0038136793702454597,0.0016326534238855217,0.0,0.0,-0.0016997390100339516,0.0025635919766786586,-0.006277865118468284,-0.002742371997936033,0.024811085067012684,0.029753692446950808,5.9,-0.04952380899999986,-0.14057644199999997,-0.12666666599999998,0.04102756899999993,-0.08809523799999996,-0.049774435999999866,25.278070198534717,25.229476779215354,12.402083409447643,12.436787462340702,0.9036947316,-0.05925779689999999,0.011389396600000046
2003-05-31,89208630996.0,225454.0,0.8812795149,-12.459627200000071,-21.714285799999942,20.23952381,-0.0016388968432101692,-0.0038136793702454597,0.0020757661838439745,0.0,-0.001147669004155638,-0.0016997390100339516,-0.0003439673851080016,-0.006277865118468284,0.024344816012577652,0.024811085067012684,6.0,0.004285713999999885,-0.04952380899999986,-0.23190476199999988,-0.12666666599999998,-0.1138095240000001,-0.08809523799999996,25.214243631896267,25.278070198534717,12.32587142598503,12.402083409447643,0.8444369347,0.036842580199999975,-0.05925779689999999
2003-06-30,87828026006.0,222641.0,0.8518746532,-2.3975154999999617,-12.459627200000071,20.36238095,0.0010928962836445066,-0.0016388968432101692,0.0005182689932023976,0.0020757661838439745,0.0010832281254176124,-0.001147669004155638,0.0013221344444946936,-0.0003439673851080016,-0.004770448493221835,0.024344816012577652,6.1,-0.11904761899999983,0.004285713999999885,0.02190476199999991,-0.23190476199999988,-0.04857142899999989,-0.1138095240000001,25.19864648945493,25.214243631896267,12.31331588774556,12.32587142598503,0.8812795149,-0.029404861700000007,0.036842580199999975
2003-07-31,91558119774.0,240292.0,0.7887733223,-22.6344815,-2.3975154999999617,19.16136364,0.003271540540615625,0.0010928962836445066,0.002070394114308094,0.0005182689932023976,0.0029342895110939793,0.0010832281254176124,0.005149138267602105,0.0013221344444946936,-0.02330056559280891,-0.004770448493221835,6.3,0.2974458879999997,-0.11904761899999983,0.20961038900000006,0.02190476199999991,0.25352813899999993,-0.04857142899999989,25.24023979636776,25.19864648945493,12.389610129451693,12.31331588774556,0.8518746532,-0.06310133090000003,-0.029404861700000007
2003-08-31,77026331500.0,220372.0,0.8028286699,0.4959533000000036,-22.6344815,19.27428571,0.0043454712595014655,0.003271540540615625,0.0010335918232833308,0.002070394114308094,0.003374069078633468,0.0029342895110939793,-0.002130045771744804,0.005149138267602105,-0.005504232179726287,-0.02330056559280891,6.2,0.19922077900000001,0.2974458879999997,0.31848484900000007,0.20961038900000006,0.25885281400000015,0.25352813899999993,25.067413167874992,25.24023979636776,12.303072306448124,12.389610129451693,0.7887733223,0.014055347600000045,-0.06310133090000003
2003-09-30,86971832149.0,215663.0,0.7475802601,-6.404761900000011,0.4959533000000036,19.53238095,0.0032467560988704847,0.0043454712595014655,0.0005163955704734491,0.0010335918232833308,0.003120167235124427,0.003374069078633468,0.0064619338763929335,-0.002130045771744804,-0.005758400775608408,-0.005504232179726287,6.1,-0.07999999999999963,0.19922077900000001,0.006666665999999877,0.31848484900000007,-0.036666666999999986,0.25885281400000015,25.18885013477439,25.067413167874992,12.281472283124804,12.303072306448124,0.8028286699,-0.05524840980000001,0.014055347600000045
2003-10-31,96417989651.0,225792.0,0.7070998619,-8.417278300000053,-6.404761900000011,18.02347826,-0.0010810811863732894,0.0032467560988704847,0.0015475886503777403,0.0005163955704734491,0.0001276682669493212,0.003120167235124427,0.001345094545315284,0.0064619338763929335,-0.025348284393311715,-0.005758400775608408,6.1,0.16714285699999998,-0.07999999999999963,0.08484848499999997,0.006666665999999877,0.12599567099999964,-0.036666666999999986,25.291958635789495,25.18885013477439,12.327369500486354,12.281472283124804,0.7475802601,-0.040480398200000045,-0.05524840980000001
2003-11-30,66770379654.0,179171.0,0.7557217051,2.3415207000000215,-8.417278300000053,17.40105263,0.0005406866852455394,-0.0010810811863732894,0.0,0.0015475886503777403,0.0012630371978561428,0.0001276682669493212,0.006770109841992777,0.001345094545315284,-0.03290552211778497,-0.025348284393311715,6.0,0.20499999999999963,0.16714285699999998,0.039040404000000084,0.08484848499999997,0.1220202020000003,0.12599567099999964,24.92452540079673,25.291958635789495,12.09609593606988,12.327369500486354,0.7070998619,0.04862184320000007,-0.040480398200000045
2003-12-31,68238570163.0,193958.0,0.6802606364,-6.677489199999975,2.3415207000000215,16.82636364,0.00269905696916517,0.0005406866852455394,0.001030396793896493,0.0,0.002203303297775072,0.0012630371978561428,0.0005067832557461571,0.006770109841992777,-0.031054703255577465,-0.03290552211778497,5.8,-0.12636363599999978,0.20499999999999963,0.02232323299999983,0.039040404000000084,-0.052020202000000015,0.1220202020000003,24.946275786847597,24.92452540079673,12.175396919761713,12.09609593606988,0.7557217051,-0.07546106870000002,0.04862184320000007
2004-01-31,78560758081.0,196404.0,0.6892734129,-7.868181799999974,-6.677489199999975,16.101,0.004303395560053325,0.00269905696916517,0.002057613894679733,0.001030396793896493,0.0038599791441056297,0.002203303297775072,0.0016650410350811384,0.0005067832557461571,-0.03803557364761545,-0.031054703255577465,5.7,-0.03813636400000009,-0.12636363599999978,-0.004045454999999976,0.02232323299999983,-0.021090909000000213,-0.052020202000000015,25.087138150653292,24.946275786847597,12.187929041293884,12.175396919761713,0.6802606364,0.009012776499999986,-0.07546106870000002
2004-02-29,73311597037.0,181635.0,0.6616138621,2.410332699999973,-7.868181799999974,15.99842105,0.002144772940133599,0.004303395560053325,0.0015404367616103087,0.002057613894679733,0.0021267715281636512,0.0038599791441056297,0.006183806780973633,0.0016650410350811384,-0.010681968741748094,-0.03803557364761545,5.7,-0.05628947399999973,-0.03813636400000009,0.1745000000000001,-0.004045454999999976,0.059105263000000186,-0.021090909000000213,25.017984646653392,25.087138150653292,12.109754457856576,12.187929041293884,0.6892734129,-0.027659550800000043,0.009012776499999986
2004-03-31,82119357593.0,208312.0,0.6518342226,5.88275030000003,2.410332699999973,17.6873913,0.0021401827323677125,0.002144772940133599,0.0030737729119056922,0.0015404367616103087,0.0015416111622954531,0.0021267715281636512,-0.003911860434257619,0.006183806780973633,-0.022237566239557083,-0.010681968741748094,5.6,0.016659038999999876,-0.05628947399999973,0.061739129999999864,0.1745000000000001,0.03919908499999991,0.059105263000000186,25.131439606282814,25.017984646653392,12.246792234807192,12.109754457856576,0.6616138621,-0.009779639499999937,-0.027659550800000043
2004-04-30,74878492453.0,194787.0,0.6393126277,-4.175983500000104,5.88275030000003,15.69857143,0.00160213652427732,0.0021401827323677125,0.0020439455250746974,0.0030737729119056922,0.0018543636459504853,0.0015416111622954531,0.0038709551794342545,-0.003911860434257619,-0.015049068533961929,-0.022237566239557083,5.8,0.06484472100000005,0.016659038999999876,0.10207039400000006,0.061739129999999864,0.08345755700000002,0.03919908499999991,25.03913253607387,25.131439606282814,12.179661932850749,12.246792234807192,0.6518342226,-0.012521594900000044,-0.009779639499999937
2004-05-31,72694397248.0,201344.0,0.6606934399,6.688095300000096,-4.175983500000104,17.705,0.004259857346958107,0.00160213652427732,0.0015302221807678151,0.0020439455250746974,0.003246306720074088,0.0018543636459504853,0.007387413060875758,0.0038709551794342545,-0.008416558088267578,-0.015049068533961929,5.6,0.22278571400000002,0.06484472100000005,0.13869047600000028,0.10207039400000006,0.18073809500000015,0.08345755700000002,25.009530151776065,25.03913253607387,12.212770166977895,12.179661932850749,0.6393126277,0.021380812199999988,-0.012521594900000044
2004-06-30,68607279797.0,216244.0,0.6442836433,8.45476190000003,6.688095300000096,15.34272727,0.003712547356184537,0.004259857346958107,0.0020366605818029626,0.0015302221807678151,0.0028475573542490196,0.003246306720074088,-0.007716869009351868,0.007387413060875758,-0.008386324008007762,-0.008416558088267578,5.6,-0.0851666670000002,0.22278571400000002,0.009404761999999955,0.13869047600000028,-0.03788095200000008,0.18073809500000015,24.951664485537773,25.009530151776065,12.284162678744467,12.212770166977895,0.6606934399,-0.01640979659999997,0.021380812199999988
2004-07-31,72244083516.0,216413.0,0.5923577324,4.223602499999934,8.45476190000003,15.50238095,0.001058201156947547,0.003712547356184537,0.0010167769050868358,0.0020366605818029626,0.0009265288387565462,0.0028475573542490196,0.007350288141301675,-0.007716869009351868,-0.011503684441457551,-0.008386324008007762,5.6,-0.10333333300000014,-0.0851666670000002,-0.12428571399999999,0.009404761999999955,-0.1138095240000001,-0.03788095200000008,25.003316271533958,24.951664485537773,12.284943898087251,12.284162678744467,0.6442836433,-0.05192591089999998,-0.01640979659999997
2004-08-31,66121868786.0,200425.0,0.6016675442,4.202804500000035,4.223602499999934,16.68409091,0.0005286809533657788,0.001058201156947547,0.0005080010269269408,0.0010167769050868358,0.0005129777217414144,0.0009265288387565462,0.0008537223719899956,0.007350288141301675,-0.008780292269447543,-0.011503684441457551,5.5,-0.0577272729999998,-0.10333333300000014,-0.04625541200000027,-0.12428571399999999,-0.051991341999999996,-0.1138095240000001,24.914765373050948,25.003316271533958,12.208195390911152,12.284943898087251,0.5923577324,0.009309811800000012,-0.05192591089999998
2004-09-30,70601646542.0,181467.0,0.566786133,1.428571299999959,4.202804500000035,14.08095238,0.0031662295580501265,0.0005286809533657788,0.00304259869609691,0.0005080010269269408,0.001974383646688338,0.0005129777217414144,0.0011229395721379376,0.0008537223719899956,-0.009992697304824105,-0.008780292269447543,5.4,-0.09132034599999983,-0.0577272729999998,-0.09898268399999965,-0.04625541200000027,-0.09515151499999996,-0.051991341999999996,24.980319303298298,24.914765373050948,12.108829097974295,12.208195390911152,0.6016675442,-0.03488141119999999,0.009309811800000012
2004-10-31,116292505090.0,366830.0,0.7055577504,0.46233769999997065,1.428571299999959,14.97380952,0.005254872838358793,0.0031662295580501265,0.0020232682673437807,0.00304259869609691,0.004285222562280033,0.001974383646688338,0.008860161368399844,0.0011229395721379376,-0.030051456979160562,-0.009992697304824105,5.4,-0.0379523810000002,-0.09132034599999983,0.120619048,-0.09898268399999965,0.04133333299999986,-0.09515151499999996,25.479374449768418,24.980319303298298,12.812653804460522,12.108829097974295,0.566786133,0.1387716174,-0.03488141119999999
2004-11-30,105510753615.0,383243.0,0.6901784563,2.618181900000053,0.46233769999997065,13.57761905,0.0047058910374122576,0.005254872838358793,0.0020191829172295783,0.0020232682673437807,0.0038460154351858122,0.004285222562280033,0.002450217996091908,0.008860161368399844,-0.015782640527460146,-0.030051456979160562,5.5,0.05149999999999988,-0.0379523810000002,0.24849999999999994,0.120619048,0.1499999999999999,0.04133333299999986,25.382078714668022,25.479374449768418,12.856424531727074,12.812653804460522,0.7055577504,-0.015379294100000052,0.1387716174
2004-12-31,97544323345.0,393561.0,0.6811737397,-1.2818182000000178,2.618181900000053,12.45954545,0.0,0.0047058910374122576,0.001511716085322412,0.0020191829172295783,0.0005323132851202672,0.0038460154351858122,0.007775476148231597,0.002450217996091908,-0.005684438154357707,-0.015782640527460146,5.4,0.03550000000000031,0.05149999999999988,0.05304545499999991,0.24849999999999994,0.04427272700000007,0.1499999999999999,25.303572710061918,25.382078714668022,12.882991353885103,12.856424531727074,0.6901784563,-0.009004716600000018,-0.015379294100000052
2005-01-31,122780801969.0,439684.0,0.6684460179,7.720129800000024,-1.2818182000000178,13.438,-0.0005217845148388633,0.0,0.0020120731134198877,0.001511716085322412,0.0013110052091693802,0.0005323132851202672,0.0035210568192729497,0.007775476148231597,0.0017637985023863934,-0.005684438154357707,5.4,-0.03200000000000003,0.03550000000000031,-0.09654545500000022,0.05304545499999991,-0.06427272699999964,0.04427272700000007,25.533666504680415,25.303572710061918,12.993811566060158,12.882991353885103,0.6811737397,-0.012727721799999925,-0.009004716600000018
2005-02-28,118377508366.0,426282.0,0.6464200441,5.430827100000002,7.720129800000024,11.70894737,0.004166672694846163,-0.0005217845148388633,0.002008032803245463,0.0020120731134198877,0.002777110999283572,0.0013110052091693802,0.007195688711779447,0.0035210568192729497,-0.013788732965981154,0.0017637985023863934,5.3,-0.032736842000000266,-0.03200000000000003,0.10515789500000006,-0.09654545500000022,0.03621052599999963,-0.06427272699999964,25.497144578226038,25.533666504680415,12.962856378075786,12.993811566060158,0.6684460179,-0.022025973800000043,-0.012727721799999925
2005-03-31,145719528051.0,549687.0,0.6751323159,1.9854066999999844,5.430827100000002,13.12636364,0.0036316512028626846,0.004166672694846163,0.00350438406194975,0.002008032803245463,0.0029906426321923973,0.002777110999283572,-0.0014134321911019043,0.007195688711779447,-0.010101095986502884,-0.013788732965981154,5.4,0.15882775100000002,-0.032736842000000266,0.19366028700000015,0.10515789500000006,0.1762440190000003,0.03621052599999963,25.70494957034285,25.497144578226038,13.217104304305868,12.962856378075786,0.6464200441,0.028712271800000022,-0.022025973800000043
2005-04-30,131805169710.0,502761.0,0.7405631867,17.268398299999973,1.9854066999999844,14.45904762,0.0031023809784818113,0.0036316512028626846,0.0004996252914324373,0.00350438406194975,0.002797925471404561,0.0029906426321923973,0.0020738685585675043,-0.0014134321911019043,-0.0209358128196655,-0.010101095986502884,5.2,-0.0436147189999998,0.15882775100000002,-0.10681818200000004,0.19366028700000015,-0.0752164500000001,0.1762440190000003,25.604590682145428,25.70494957034285,13.127870187057402,13.217104304305868,0.6751323159,0.06543087079999999,0.028712271800000022
2005-05-31,130843480878.0,510489.0,0.7381161908,13.803030300000074,17.268398299999973,13.96761905,-0.0005163955704734491,0.0031023809784818113,0.0014973798655040227,0.0004996252914324373,0.0005635459439083945,0.002797925471404561,0.0009350444775639843,0.0020738685585675043,-0.0069933723029542705,-0.0209358128196655,5.2,-0.09333333299999991,-0.0436147189999998,-0.1952380950000001,-0.10681818200000004,-0.144285714,-0.0752164500000001,25.597267643344033,25.604590682145428,13.143124368852257,13.127870187057402,0.7405631867,-0.002446995899999971,0.06543087079999999
2005-06-30,119893065799.0,470828.0,0.6574358038,-6.162337700000009,13.803030300000074,11.86863636,0.0005163955704734491,-0.0005163955704734491,0.0004986287812114298,0.0014973798655040227,0.0006244299219106964,0.0005635459439083945,0.004365742512094428,0.0009350444775639843,0.005302494949820158,-0.0069933723029542705,5.1,-0.14123376600000004,-0.09333333299999991,-0.1933982689999998,-0.1952380950000001,-0.1673160170000001,-0.144285714,25.509866064104806,25.597267643344033,13.06224812583684,13.143124368852257,0.7381161908,-0.08068038700000002,-0.002446995899999971
2005-07-31,97630033322.0,381852.0,0.6319048477,-2.159090900000038,-6.162337700000009,11.049,0.006176036100564275,0.0005163955704734491,0.0014943962930535903,0.0004986287812114298,0.004226063720055073,0.0006244299219106964,-0.003181642785388128,0.004365742512094428,-0.0018478600884801466,0.005302494949820158,5.0,0.02659090899999983,-0.14123376600000004,-0.07186363600000023,-0.1933982689999998,-0.022636363999999798,-0.1673160170000001,25.304451001492957,25.509866064104806,12.85278837796158,13.06224812583684,0.6574358038,-0.025530956100000002,-0.08068038700000002
2005-08-31,93993247812.0,414439.0,0.6371517895,-0.20256920000001344,-2.159090900000038,12.95130435,0.006138126688785661,0.006176036100564275,0.0009950249577173054,0.0014943962930535903,0.004026206152849099,0.004226063720055073,0.0032856021445777372,-0.003181642785388128,-0.00558353057539307,-0.0018478600884801466,5.0,0.042282608999999916,0.02659090899999983,0.10267391300000028,-0.07186363600000023,0.07247826099999966,-0.022636363999999798,25.266488784849155,25.304451001492957,12.93468107746827,12.85278837796158,0.6319048477,0.00524694179999996,-0.025530956100000002
2005-09-30,104333379532.0,400288.0,0.6459711122,-0.2703744999999742,-0.20256920000001344,12.62809524,0.013674561020173392,0.006138126688785661,0.0009940358671398641,0.0009950249577173054,0.009604480984986452,0.004026206152849099,-0.019560495358284413,0.0032856021445777372,0.05126423264587743,-0.00558353057539307,4.9,0.05426500999999995,0.042282608999999916,0.19877846799999999,0.10267391300000028,0.1265217390000002,0.07247826099999966,25.37085718161708,25.266488784849155,12.899939567014467,12.93468107746827,0.6371517895,0.008819322700000076,0.00524694179999996
2005-10-31,103804786463.0,423658.0,0.7015737623,4.678138500000003,-0.2703744999999742,14.93761905,0.0015079168476770377,0.013674561020173392,0.00347136475545895,0.0009940358671398641,0.0015978186571841135,0.009604480984986452,0.012150318345580224,-0.019560495358284413,0.031488679237380524,0.05126423264587743,5.0,0.019952380999999964,0.05426500999999995,0.022047618999999852,0.19877846799999999,0.020999999999999908,0.1265217390000002,25.365777918975365,25.37085718161708,12.956681804960652,12.899939567014467,0.6459711122,0.055602650099999984,0.008819322700000076
2005-11-30,99341211364.0,432543.0,0.7190550799,7.953896099999994,4.678138500000003,12.14761905,-0.005035257365645585,0.0015079168476770377,0.0024721891453891587,0.00347136475545895,-0.0020908945587692074,0.0015978186571841135,0.010936328822064745,0.012150318345580224,-0.03711833740786297,0.031488679237380524,5.0,0.05500000000000016,0.019952380999999964,-0.15399999999999991,0.022047618999999852,-0.0495000000000001,0.020999999999999908,25.32182634067247,25.365777918975365,12.977437022377353,12.956681804960652,0.7015737623,0.017481317599999935,0.055602650099999984
2005-12-31,83658628216.0,439746.0,0.7946427121,5.194805200000019,7.953896099999994,11.26,0.0,-0.005035257365645585,0.0014803851704341398,0.0024721891453891587,0.0,-0.0020908945587692074,0.0048159975298771585,0.010936328822064745,-0.02316301023836509,-0.03711833740786297,5.0,-0.08352380999999998,0.05500000000000016,-0.171857143,-0.15399999999999991,-0.12769047599999972,-0.0495000000000001,25.150010405694783,25.32182634067247,12.993952566481118,12.977437022377353,0.7190550799,0.07558763220000009,0.017481317599999935
2006-01-31,117717121661.0,448178.0,0.6570063131,-6.065368000000063,5.194805200000019,12.036,0.006039273514243604,0.0,0.001970443987298509,0.0014803851704341398,0.004836057785718495,0.0,0.0015777724050218822,0.0048159975298771585,-0.03171692229154388,-0.02316301023836509,4.9,0.026523810000000037,-0.08352380999999998,0.10585714299999971,-0.171857143,0.06619047600000005,-0.12769047599999972,25.49155030929071,25.150010405694783,13.012945753914437,12.993952566481118,0.7946427121,-0.13763639900000002,0.07558763220000009
2006-02-28,101086046291.0,402001.0,0.6248061865,1.6576442000000782,-6.065368000000063,12.47105263,0.0005016303089888652,0.006039273514243604,0.0019665689720405055,0.001970443987298509,0.0005983796059298996,0.004836057785718495,0.0004248692215602645,0.0015777724050218822,-0.019648161322868063,-0.03171692229154388,4.7,0.0408947369999999,0.026523810000000037,0.1791052630000003,0.10585714299999971,0.10999999999999988,0.06619047600000005,25.33923793456506,25.49155030929071,12.904209855160254,13.012945753914437,0.6570063131,-0.032200126600000045,-0.13763639900000002
2006-03-31,115793624796.0,476038.0,0.6001182713,-2.3226544999999987,1.6576442000000782,11.69391304,0.001503382894031624,0.0005016303089888652,0.0034322171472087604,0.0019665689720405055,0.0019362941566329894,0.0005983796059298996,0.0022649582332325835,0.0004248692215602645,-0.020856128489018744,-0.019648161322868063,4.8,-0.019199084999999894,0.0408947369999999,0.03224256300000006,0.1791052630000003,0.006521739000000082,0.10999999999999988,25.47507534699467,25.33923793456506,13.07325296195993,12.904209855160254,0.6248061865,-0.02468791520000002,-0.032200126600000045
2006-04-30,95068061015.0,390782.0,0.5906964418,-4.385240300000078,-2.3226544999999987,11.84736842,0.004995015380522716,0.001503382894031624,0.0024443913417764307,0.0034322171472087604,0.004634243257865656,0.0019362941566329894,0.0029562535896410225,0.0022649582332325835,-0.02244508925804567,-0.020856128489018744,4.7,0.09235697999999992,-0.019199084999999894,0.017757436999999765,0.03224256300000006,0.055057208000000024,0.006521739000000082,25.277858903769086,25.47507534699467,12.875905138724596,13.07325296195993,0.6001182713,-0.009421829499999923,-0.02468791520000002
2006-05-31,111514315102.0,426405.0,0.5786279351,-3.049542299999956,-4.385240300000078,14.45454545,0.0029850768434540598,0.004995015380522716,0.0029254043291055964,0.0024443913417764307,0.002682557871128921,0.004634243257865656,0.0002512791947975046,0.0029562535896410225,-0.00721043930662546,-0.02244508925804567,4.7,0.11303827700000024,0.09235697999999992,0.051985645999999885,0.017757436999999765,0.08251196199999988,0.055057208000000024,25.437418806170758,25.277858903769086,12.96314487784382,12.875905138724596,0.5906964418,-0.012068506700000037,-0.009421829499999923
2006-06-30,101543634182.0,403657.0,0.5973572069,11.152173899999966,-3.049542299999956,16.91863636,0.002480775273762781,0.0029850768434540598,0.002431316539285966,0.0029254043291055964,0.002462559700618705,0.002682557871128921,0.003361871248444892,0.0002512791947975046,0.01032926915564758,-0.00721043930662546,4.6,-0.09590909100000022,0.11303827700000024,-0.07863636399999985,0.051985645999999885,-0.08727272700000022,0.08251196199999988,25.343754436469272,25.437418806170758,12.908320786429266,12.96314487784382,0.5786279351,0.018729271800000058,-0.012068506700000037
2006-07-31,84998459625.0,348709.0,0.6148732226,2.32142859999999,11.152173899999966,15.326,0.0054361389122599135,0.002480775273762781,0.001940806043462473,0.002431316539285966,0.0034115020662603968,0.002462559700618705,-0.0006534862003055864,0.003361871248444892,0.016838949516911228,0.01032926915564758,4.6,0.03831818199999981,-0.09590909100000022,-0.030954545000000167,-0.07863636399999985,0.0036818180000000034,-0.08727272700000022,25.165898971213696,25.343754436469272,12.76199304248266,12.908320786429266,0.5973572069,0.017516015699999943,0.018729271800000058
2006-08-31,95830973582.0,407722.0,0.5937781,-0.08229819999998256,2.32142859999999,13.35173913,0.004425873956855675,0.0054361389122599135,0.0024207225570673785,0.001940806043462473,0.0031414932032589604,0.0034115020662603968,0.0043310928990676345,-0.0006534862003055864,0.00685568174963791,0.016838949516911228,4.7,0.04002173900000017,0.03831818199999981,-0.029717390999999704,-0.030954545000000167,0.005152174000000009,0.0036818180000000034,25.285851784720368,25.165898971213696,12.918340848597504,12.76199304248266,0.6148732226,-0.021095122600000016,0.017516015699999943
2006-09-30,102148467483.0,391713.0,0.5885658372,0.224505999999991,-0.08229819999998256,12.1845,-0.004918849071596121,0.004425873956855675,0.001932367751053654,0.0024207225570673785,-0.0026231143038089044,0.0031414932032589604,-0.0018134288280249322,0.0043310928990676345,-0.008162978283561273,0.00685568174963791,4.7,-0.10802173899999978,0.04002173900000017,-0.2642826089999999,-0.029717390999999704,-0.18615217399999962,0.005152174000000009,25.3496931554837,25.285851784720368,12.878284707767985,12.918340848597504,0.5937781,-0.005212262799999978,-0.021095122600000016
2006-10-31,114776261542.0,421207.0,0.5776554415,-0.23203469999995718,0.224505999999991,11.30636364,-0.0044477463982364185,-0.004918849071596121,0.0019286409064056542,0.001932367751053654,-0.0023584360357506995,-0.0026231143038089044,-0.001025473060283666,-0.0018134288280249322,2.0439657022919278e-05,-0.008162978283561273,4.5,-0.049452381000000045,-0.10802173899999978,-0.11430952400000027,-0.2642826089999999,-0.08188095200000012,-0.18615217399999962,25.466250518456707,25.3496931554837,12.950879678287146,12.878284707767985,0.5885658372,-0.010910395699999964,-0.005212262799999978
2006-11-30,105817372260.0,411765.0,0.67248885,-1.346320300000059,-0.23203469999995718,10.81761905,0.00049517208241312,-0.0044477463982364185,0.0009629273733935406,0.0019286409064056542,0.00034231820581887007,-0.0023584360357506995,-0.00026838974387644043,-0.001025473060283666,0.012088115094199381,2.0439657022919278e-05,4.4,-0.0266666670000002,-0.049452381000000045,-0.0019047620000001153,-0.11430952400000027,-0.014285715000000199,-0.08188095200000012,25.38498054194624,25.466250518456707,12.928208077248831,12.950879678287146,0.5776554415,0.0948334085,-0.010910395699999964
2006-12-31,83199054154.0,373251.0,0.5781789,-1.216233799999955,-1.346320300000059,10.9645,0.00543077118513402,0.00049517208241312,0.0014426547344621454,0.0009629273733935406,0.0035461238953446994,0.00034231820581887007,0.010202449035083383,-0.00026838974387644043,0.0020979592944758707,0.012088115094199381,4.5,-0.054380951999999816,-0.0266666670000002,0.07571428600000019,-0.0019047620000001153,0.010666667000000185,-0.014285715000000199,25.144501816367608,25.38498054194624,12.830006394567306,12.928208077248831,0.67248885,-0.09430994999999998,0.0948334085
2007-01-31,114771444910.0,438305.0,0.6129455149,-2.666883100000021,-1.216233799999955,11.0425,0.0016579060562325054,0.00543077118513402,0.0023998091670831556,0.0014426547344621454,0.003334353947495039,0.0035461238953446994,-0.0035813836548843625,0.010202449035083383,0.017201674785468413,0.0020979592944758707,4.4,-0.012761905000000073,-0.054380951999999816,0.030476189999999903,0.07571428600000019,0.008857142999999734,0.010666667000000185,25.46620855217375,25.144501816367608,12.990670294053446,12.830006394567306,0.5781789,0.03476661489999999,-0.09430994999999998
2007-02-28,96128901417.0,369477.0,0.5757997074,-1.9153223999999227,-2.666883100000021,11.15526316,0.0038708491335395223,0.0016579060562325054,0.002561433887554365,0.0023998091670831556,0.0031012857147505457,0.003334353947495039,0.009597462221436537,-0.0035813836548843625,0.017670038620751782,0.017201674785468413,4.6,-0.010501253000000155,-0.012761905000000073,0.08899749400000001,0.030476189999999903,0.03924812000000033,0.008857142999999734,25.288955850861466,25.46620855217375,12.81984377115426,12.990670294053446,0.6129455149,-0.03714580750000007,0.03476661489999999
2007-03-31,113187979888.0,398792.0,0.5901779445,3.5673080999999627,-1.9153223999999227,15.16272727,0.0051866474931996365,0.0038708491335395223,0.0013522781732575595,0.002561433887554365,0.0036506819959178927,0.0031012857147505457,0.001771722158313338,0.009597462221436537,-0.01975203015257243,0.017670038620751782,4.5,-0.0211004779999997,-0.010501253000000155,0.07234449800000009,0.08899749400000001,0.02562200999999975,0.03924812000000033,25.452315812342512,25.288955850861466,12.89619525668807,12.81984377115426,0.5757997074,0.01437823710000008,-0.03714580750000007
2007-04-30,96021512538.0,357964.0,0.6041287422,-1.0851026000000132,3.5673080999999627,12.933,0.002996169481998656,0.0051866474931996365,0.001569787876187334,0.0013522781732575595,0.0023489748576199787,0.0036506819959178927,0.0066885058019989785,0.001771722158313338,-0.009172546863291942,-0.01975203015257243,4.4,0.06541125499999989,-0.0211004779999997,0.03532467500000003,0.07234449800000009,0.05036796499999996,0.02562200999999975,25.287838092247572,25.452315812342512,12.788187701667258,12.89619525668807,0.5901779445,0.013950797699999962,0.01437823710000008
2007-05-31,100291509652.0,401935.0,0.6070355165,0.9764070000000231,-1.0851026000000132,13.29772727,0.004124476656923726,0.002996169481998656,0.0014816405564195279,0.001569787876187334,0.0028995276690277905,0.0023489748576199787,0.0005374037034995283,0.0066885058019989785,-0.019520215255136364,-0.009172546863291942,4.5,-0.03132034600000022,0.06541125499999989,-0.09941558399999995,0.03532467500000003,-0.06536796499999964,0.05036796499999996,25.33134687879992,25.287838092247572,12.904045662985382,12.788187701667258,0.6041287422,0.00290677429999997,0.013950797699999962
2007-06-30,95620112793.0,394173.0,0.6383453058,-1.7402597999999472,0.9764070000000231,14.94761905,0.0023140721794590036,0.004124476656923726,0.0015887742668905247,0.0014816405564195279,0.002117137450233564,0.0028995276690277905,0.0002735122133366019,0.0005374037034995283,0.013895451530371972,-0.019520215255136364,4.4,0.08370129800000026,-0.03132034600000022,-0.005346321000000209,-0.09941558399999995,0.03917748899999962,-0.06536796499999964,25.283649019739993,25.33134687879992,12.88454517820431,12.904045662985382,0.6070355165,0.03130978930000006,0.00290677429999997
2007-07-31,86253111530.0,347302.0,0.6453140381,9.629870199999942,-1.7402597999999472,17.27333333,0.0017790124666809959,0.0023140721794590036,0.0018092676453740353,0.0015887742668905247,0.0015243377280409476,0.002117137450233564,-0.0015692841025076731,0.0002735122133366019,0.023984828906693068,0.013895451530371972,4.6,-0.005238095000000165,0.08370129800000026,-0.08333333299999968,-0.005346321000000209,-0.04428571399999992,0.03917748899999962,25.180551967917314,25.283649019739993,12.757949997425634,12.88454517820431,0.6383453058,0.006968732299999947,0.03130978930000006
2007-08-31,88882690981.0,367669.0,0.7556176554,28.282326299999923,9.629870199999942,25.02608696,0.0003082332001183019,0.0017790124666809959,0.0016402305688272278,0.0018092676453740353,0.0006805820969697507,0.0015243377280409476,0.00195876229517733,-0.0015692841025076731,0.004219622570238002,0.023984828906693068,4.7,-0.017060041000000137,-0.005238095000000165,-0.24513457600000033,-0.08333333299999968,-0.13109730899999983,-0.04428571399999992,25.210583258383366,25.180551967917314,12.814938355875588,12.757949997425634,0.6453140381,0.11030361730000005,0.006968732299999947
2007-09-30,89362095405.0,359017.0,0.6521818626,6.862809200000072,28.282326299999923,22.19894737,0.004228600245438585,0.0003082332001183019,0.0020583295056990636,0.0016402305688272278,0.0038440780702666544,0.0006805820969697507,0.0024406173860418434,0.00195876229517733,-0.0062080274817422065,0.004219622570238002,4.6,0.04297482800000019,-0.017060041000000137,0.012402746000000242,-0.24513457600000033,0.02768878699999977,-0.13109730899999983,25.215962440458842,25.210583258383366,12.791125020109707,12.814938355875588,0.7556176554,-0.10343579280000004,0.11030361730000005
2007-10-31,101990574534.0,386704.0,0.6212527059,-9.113797400000038,6.862809200000072,19.11565217,0.0030784944010990856,0.004228600245438585,0.002469131228406418,0.0020583295056990636,0.003028011397641528,0.0038440780702666544,-0.00292945647182119,0.0024406173860418434,0.00962950792008499,-0.0062080274817422065,4.7,-0.012559807999999784,0.04297482800000019,0.13504784700000005,0.012402746000000242,0.061244019000000094,0.02768878699999977,25.348146239431525,25.215962440458842,12.865414821477758,12.791125020109707,0.6521818626,-0.03092915669999996,-0.10343579280000004
2007-11-30,82206347645.0,346935.0,0.7646796454,25.456324199999983,-9.113797400000038,25.58238095,0.007828164082873457,0.0030784944010990856,0.002745229947652028,0.002469131228406418,0.005288449152609509,0.003028011397641528,0.005612654308118081,-0.00292945647182119,0.021242471055165524,0.00962950792008499,4.7,-0.013045455000000317,-0.012559807999999784,0.12313636399999961,0.13504784700000005,0.05504545500000013,0.061244019000000094,25.13249835798572,25.348146239431525,12.756892721497708,12.865414821477758,0.6212527059,0.14342693949999996,-0.03092915669999996
2007-12-31,77964114144.0,353264.0,0.769178858,18.677272700000003,25.456324199999983,21.651,0.0028938234029487475,0.007828164082873457,0.0023859409949160693,0.002745229947652028,0.0023099034536047114,0.005288449152609509,0.0005838827979625094,0.005612654308118081,0.035753280325293346,0.021242471055165524,4.7,-0.04499999999999993,-0.013045455000000317,-0.09899999999999975,0.12313636399999961,-0.07200000000000006,0.05504545500000013,25.07951448269207,25.13249835798572,12.774970931750124,12.756892721497708,0.7646796454,0.004499212599999969,0.14342693949999996
2008-01-31,116278338973.0,463527.0,0.7585381717,8.789610400000043,18.677272700000003,25.81619048,0.003441775367173605,0.0028938234029487475,0.002824761387263841,0.0023859409949160693,0.002520008144425212,0.0023099034536047114,-0.0012434837339663218,0.0005838827979625094,0.03148651885267917,0.035753280325293346,5.0,0.026119047999999978,-0.04499999999999993,-0.09264285699999997,-0.09899999999999975,-0.033261904999999814,-0.07200000000000006,25.479252627817136,25.07951448269207,13.046619914718624,12.774970931750124,0.769178858,-0.010640686299999924,0.004499212599999969
2008-02-29,104091471180.0,455297.0,0.7138424891,5.360389600000019,8.789610400000043,25.456,0.002414908637454083,0.003441775367173605,0.0007855790542183883,0.002824761387263841,0.0019933410908636873,0.002520008144425212,-0.0036650788434346993,-0.0012434837339663218,0.016126523506860835,0.03148651885267917,5.0,0.10638095199999986,0.026119047999999978,0.008142856999999726,-0.09264285699999997,0.057261904999999835,-0.033261904999999814,25.368535880104332,25.479252627817136,13.028705232239009,13.046619914718624,0.7585381717,-0.04469568260000001,-0.010640686299999924
2008-03-31,99133160234.0,429520.0,0.8066071291,43.79999999999998,5.360389600000019,27.1035,0.00357164189274517,0.002414908637454083,0.0022457807687548126,0.0007855790542183883,0.002858484465000366,0.0019933410908636873,-0.003196437830379928,-0.0036650788434346993,0.023815405441398596,0.016126523506860835,4.9,0.04800000000000004,0.10638095199999986,0.125,0.008142856999999726,0.08650000000000002,0.057261904999999835,25.319729836176403,25.368535880104332,12.970423585096452,13.028705232239009,0.7138424891,0.09276463999999995,-0.04469568260000001
2008-04-30,115675693058.0,480773.0,0.7584000375,1.4499999999999886,43.79999999999998,21.56272727,0.002311706965508087,0.00357164189274517,0.0006527111052747614,0.0022457807687548126,0.0018485752077070927,0.002858484465000366,-0.006878154493333177,-0.003196437830379928,0.01742488955475352,0.023815405441398596,5.1,-0.1824545449999997,0.04800000000000004,-0.030090908999999666,0.125,-0.1062727269999999,0.08650000000000002,25.474056363145774,25.319729836176403,13.083150504220315,12.970423585096452,0.8066071291,-0.04820709160000003,0.09276463999999995
2008-05-31,106126332963.0,472277.0,0.7113264385,-18.10869569999997,1.4499999999999886,18.30333333,0.005900052068123607,0.002311706965508087,0.0017508898618663338,0.0006527111052747614,0.004281410525875273,0.0018485752077070927,-0.006190503071188402,-0.006878154493333177,0.016595669961853687,0.01742488955475352,5.0,0.07997835499999972,-0.1824545449999997,0.13456709899999986,-0.030090908999999666,0.10727272699999979,-0.1062727269999999,25.387896041809995,25.474056363145774,13.065320956836901,13.083150504220315,0.7584000375,-0.047073598999999966,-0.04820709160000003
2008-06-30,97662428819.0,455902.0,0.7111241962,4.989648000000017,-18.10869569999997,22.11047619,0.010423718797166082,0.005900052068123607,0.0022678697330515973,0.0017508898618663338,0.007228799068660585,0.004281410525875273,-0.002607918024758682,-0.006190503071188402,0.01454397398964069,0.016595669961853687,5.4,-0.05380952400000005,0.07997835499999972,0.1557142859999998,0.13456709899999986,0.0509523810000001,0.10727272699999979,25.304782765422214,25.387896041809995,13.030033153118868,13.065320956836901,0.7113264385,-0.00020224229999998844,-0.047073598999999966
2008-07-31,91645991727.0,467296.0,0.7785514666,29.976755199999957,4.989648000000017,24.32181818,0.0071160653935047335,0.010423718797166082,0.002508178389422966,0.0022678697330515973,0.004642595748221012,0.007228799068660585,-0.004550110664112594,-0.002607918024758682,0.038021904266901885,0.01454397398964069,5.6,-0.01116883099999999,-0.05380952400000005,-0.05346320299999974,0.1557142859999998,-0.032316016999999864,0.0509523810000001,25.241199075709456,25.304782765422214,13.054718168840198,13.030033153118868,0.7111241962,0.06742727039999996,-0.00020224229999998844
2008-08-31,75359985369.0,440971.0,0.7254445336,14.798136600000078,29.976755199999957,20.69571429,-0.0014895846082954023,0.0071160653935047335,0.0019798414268041853,0.002508178389422966,-0.0008092364243257322,0.004642595748221012,-0.015920769597173035,-0.004550110664112594,0.061582562733370594,0.038021904266901885,5.8,0.010692640000000253,-0.01116883099999999,-0.46891774900000005,-0.05346320299999974,-0.2291125540000003,-0.032316016999999864,25.04554227306641,25.241199075709456,12.996734392629534,13.054718168840198,0.7785514666,-0.05310693299999991,0.06742727039999996
2008-09-30,98409427057.0,496556.0,1.0729480973,68.17965379999993,14.798136600000078,30.23857143,0.000854726299673203,-0.0014895846082954023,0.0014776985690767575,0.0019798414268041853,0.0008313980713801072,-0.0008092364243257322,-0.044849206649193896,-0.015920769597173035,0.04167420677267053,0.061582562733370594,6.1,-0.0838095240000003,0.010692640000000253,-0.6628571430000001,-0.46891774900000005,-0.3733333339999998,-0.2291125540000003,25.31240243984056,25.04554227306641,13.11545154563379,12.996734392629534,0.7254445336,0.3475035637,-0.05310693299999991
2008-10-31,114913888811.0,639401.0,1.3276674067,157.90758510000006,68.17965379999993,61.1773913,-0.00863561639955801,0.000854726299673203,0.0003460199664973018,0.0014776985690767575,-0.006626001184653063,0.0008313980713801072,0.010006671958914914,-0.044849206649193896,0.05771826908074296,0.04167420677267053,6.1,-0.17642857099999976,-0.0838095240000003,-1.358679654,-0.6628571430000001,-0.774372294,-0.3733333339999998,25.46744889187637,25.31240243984056,13.368287079572873,13.11545154563379,1.0729480973,0.2547193094,0.3475035637
2008-11-30,95937888799.0,575874.0,1.114337995,32.61405979999995,157.90758510000006,62.66894737,-0.017864094092818306,-0.00863561639955801,0.0007331665976799684,0.0003460199664973018,-0.01187150676078641,-0.006626001184653063,-0.013174441535618975,0.010006671958914914,0.09348106714539739,0.05771826908074296,6.5,0.553888889,-0.17642857099999976,-1.371161616,-1.358679654,-0.42348484900000016,-0.774372294,25.28696682734773,25.46744889187637,13.263644165748758,13.368287079572873,1.3276674067,-0.21332941169999997,0.2547193094
2008-12-31,110264871966.0,661207.0,1.151587755,59.642857200000094,32.61405979999995,52.405,-0.008267605054081528,-0.017864094092818306,-0.00010141239821415127,0.0007331665976799684,-0.005603016508970882,-0.01187150676078641,-0.028661751630825627,-0.013174441535618975,0.09885229621518832,0.09348106714539739,6.8,-1.986161616,0.553888889,1.158888889,-1.371161616,-0.39196969699999995,-0.42348484900000016,25.426151235291755,25.28696682734773,13.401822231684823,13.263644165748758,1.114337995,0.03724975999999991,-0.21332941169999997
2009-01-31,137771889077.0,783436.0,1.066185366,-77.20454550000011,59.642857200000094,44.683,0.002527574332266802,-0.008267605054081528,0.0019388820892372038,-0.00010141239821415127,0.00011350351305505768,-0.005603016508970882,-0.025201643484703773,-0.028661751630825627,0.0722756634149011,0.09885229621518832,7.3,0.46777272699999994,-1.986161616,0.2515,1.158888889,0.35913636400000004,-0.39196969699999995,25.64886517672571,25.426151235291755,13.571444652693906,13.401822231684823,1.151587755,-0.08540238899999997,0.03724975999999991
2009-02-28,133178703334.0,759391.0,0.9999531864,-28.15259739999999,-77.20454550000011,45.57052632,0.0036360422314452023,0.002527574332266802,0.00204992510965063,0.0019388820892372038,0.0017916477742190295,0.00011350351305505768,-0.005994994523213393,-0.025201643484703773,0.08585530154788223,0.0722756634149011,7.8,0.45371052600000006,0.46777272699999994,0.570605263,0.2515,0.512394737,0.35913636400000004,25.61495769738987,25.64886517672571,13.54027207524793,13.571444652693906,1.066185366,-0.06623217960000005,-0.08540238899999997
2009-03-31,147222208334.0,931809.0,1.1767999784,58.08441560000006,-28.15259739999999,44.79545455,-0.0009877705412728588,0.0036360422314452023,0.0021144614512662585,0.00204992510965063,-0.0010995551877233112,0.0017916477742190295,-0.015766318467034246,-0.005994994523213393,0.08479461810025413,0.08585530154788223,8.3,-0.021937799000000036,0.45371052600000006,0.006531100999999984,0.570605263,-0.007440192000000012,0.512394737,25.715208903695416,25.61495769738987,13.744883137043237,13.54027207524793,0.9999531864,0.17684679200000009,-0.06623217960000005
2009-04-30,156416532883.0,957158.0,1.0349134479,-58.37012980000014,58.08441560000006,38.06380952,0.001006575752197314,-0.0009877705412728588,0.0020734218189364384,0.0021144614512662585,0.0014280535566806307,-0.0010995551877233112,-0.00787886522662884,-0.015766318467034246,0.07011092117028284,0.08479461810025413,8.7,0.340584416,-0.021937799000000036,0.15898268400000004,0.006531100999999984,0.24906926499999993,-0.007440192000000012,25.77578836844141,25.715208903695416,13.771723756076254,13.744883137043237,1.1767999784,-0.1418865305000001,0.17684679200000009
2009-05-31,159742055791.0,928896.0,1.0141030239,-117.15714289999988,-58.37012980000014,31.978,0.0014704123326474416,0.001006575752197314,0.0009049153973235136,0.0020734218189364384,0.0010414191407717155,0.0014280535566806307,-0.009918439644335919,-0.00787886522662884,0.05368674117130645,0.07011092117028284,9.0,0.11614285700000004,0.340584416,0.31538095199999994,0.15898268400000004,0.21647619000000007,0.24906926499999993,25.796826199959703,25.77578836844141,13.741752063197755,13.771723756076254,1.0349134479,-0.020810423999999994,-0.1418865305000001
2009-06-30,169726270943.0,957801.0,0.9118468429,-94.01818180000004,-117.15714289999988,29.14045455,0.00826535985544119,0.0014704123326474416,0.0009497370672972849,0.0009049153973235136,0.005922216531706326,0.0010414191407717155,-0.0031718320973022074,-0.009918439644335919,0.0013246708445944222,0.05368674117130645,9.4,0.10418181799999982,0.11614285700000004,0.462909091,0.31538095199999994,0.28354545499999984,0.21647619000000007,25.857452805354722,25.796826199959703,13.772395310949404,13.741752063197755,1.0141030239,-0.102256181,-0.020810423999999994
2009-07-31,159455793296.0,973620.0,0.9219152738,-30.735177900000025,-94.01818180000004,26.16272727,-0.000298009855155712,0.00826535985544119,0.0006889079257348385,0.0009497370672972849,0.00011246443324175459,0.005922216531706326,0.011865607554741864,-0.0031718320973022074,-0.06239571140346811,0.0013246708445944222,9.5,0.001818182000000057,0.10418181799999982,-0.24181818200000005,0.462909091,-0.11999999999999988,0.28354545499999984,25.79503256273712,25.857452805354722,13.788776362761638,13.772395310949404,0.9118468429,0.010068430900000092,-0.102256181
2009-08-31,142982015647.0,862131.0,0.9157033706,-50.94664029999993,-30.735177900000025,25.33714286,0.003342859790879338,-0.000298009855155712,0.0010620865755575082,0.0006889079257348385,0.0028972182285231796,0.00011246443324175459,0.011072240948122314,0.011865607554741864,-0.014967292897981821,-0.06239571140346811,9.5,0.15023809500000018,0.001818182000000057,-0.002662337999999931,-0.24181818200000005,0.07378787800000008,-0.11999999999999988,25.68598469459098,25.79503256273712,13.667162510257004,13.788776362761638,0.9219152738,-0.006211903200000091,0.010068430900000092
2009-09-30,159869477334.0,883978.0,0.8759332108,-15.826839800000073,-50.94664029999993,24.92666667,0.001929025466836265,0.003342859790879338,0.0019298347424339113,0.0010620865755575082,0.0016134095733102427,0.0028972182285231796,0.008536932942942776,0.011072240948122314,-0.010480002504280606,-0.014967292897981821,9.6,-0.1685714279999999,0.15023809500000018,0.06190476199999995,-0.002662337999999931,-0.053333333000000094,0.07378787800000008,25.797623552599045,25.68598469459098,13.692187454432268,13.667162510257004,0.9157033706,-0.03977015979999998,-0.006211903200000091
2009-10-31,160294117687.0,886425.0,0.752125069,-14.239412799999968,-15.826839800000073,24.25227273,0.002997434998585291,0.001929025466836265,0.0026383861670185027,0.0019298347424339113,0.003787989131671665,0.0016134095733102427,0.002272481445254826,0.008536932942942776,-0.03730534241500294,-0.010480002504280606,9.8,0.13142857099999983,-0.1685714279999999,0.1571428570000002,0.06190476199999995,0.144285714,-0.053333333000000094,25.800276200236713,25.797623552599045,13.694951798548551,13.692187454432268,0.8759332108,-0.1238081418,-0.03977015979999998
2009-11-30,123034686802.0,723351.0,0.7612620753,-17.76833389999996,-14.239412799999968,23.789,0.003342996544930976,0.002997434998585291,0.0007480160922890278,0.0026383861670185027,0.0024951280001381804,0.003787989131671665,0.004078180352815153,0.002272481445254826,-0.05436886397244933,-0.03730534241500294,10.0,0.20032581500000024,0.13142857099999983,0.24583959899999996,0.1571428570000002,0.22308270699999988,0.144285714,25.53573215908279,25.800276200236713,13.491649860513407,13.694951798548551,0.752125069,0.009137006300000028,-0.1238081418
2009-12-31,128607878792.0,759958.0,0.7532648416,-20.57450440000001,-17.76833389999996,21.23954545,0.0005200411547976458,0.003342996544930976,0.0009738488405170997,0.0007480160922890278,0.0005783368528398114,0.0024951280001381804,0.003423790034480234,0.004078180352815153,-0.0601468722082128,-0.05436886397244933,9.9,0.033851673999999665,0.20032581500000024,0.16232057499999986,0.24583959899999996,0.09808612399999994,0.22308270699999988,25.580033912751947,25.53573215908279,13.541018447577555,13.491649860513407,0.7612620753,-0.00799723370000005,0.009137006300000028
2010-01-31,146775738542.0,767924.0,0.7252483475,-28.09717480000002,-20.57450440000001,20.64315789,0.0006485218758465194,0.0005200411547976458,-0.0011234073034254166,0.0009738488405170997,0.002187978104574384,0.0005783368528398114,0.010700654040133095,0.003423790034480234,-0.06068540063625072,-0.0601468722082128,9.9,0.10825358900000026,0.033851673999999665,0.15767942499999998,0.16232057499999986,0.13296650799999998,0.09808612399999994,25.71217167068097,25.580033912751947,13.551446048899777,13.541018447577555,0.7532648416,-0.028016494099999956,-0.00799723370000005
2010-02-28,137974453107.0,780892.0,0.7071114964,5.067669200000012,-28.09717480000002,22.54,-0.0009522298767450366,0.0006485218758465194,0.0004440779112506732,-0.0011234073034254166,-2.2188938814338144e-05,0.002187978104574384,0.0035244585414178076,0.010700654040133095,-0.009395101677752038,-0.06068540063625072,9.8,-0.05421052699999995,0.10825358900000026,-0.11842105199999997,0.15767942499999998,-0.08631579,0.13296650799999998,25.650334382553304,25.71217167068097,13.568192135008713,13.551446048899777,0.7252483475,-0.018136851099999962,-0.028016494099999956
2010-03-31,173496345509.0,960921.0,0.6635646849,-10.996186100000045,5.067669200000012,17.7673913,0.0003313132458968582,-0.0009522298767450366,0.00023555312058221034,0.0004440779112506732,0.0014080215192402434,-2.2188938814338144e-05,0.007025182505397964,0.0035244585414178076,-0.013017873196538687,-0.009395101677752038,9.8,-0.029794050000000016,-0.05421052699999995,-0.07615560700000001,-0.11842105199999997,-0.052974827999999974,-0.08631579,25.879422372762786,25.650334382553304,13.775647478537948,13.568192135008713,0.7071114964,-0.04354681150000006,-0.018136851099999962
2010-04-30,152862398128.0,839977.0,0.6624526037,-17.961321299999952,-10.996186100000045,17.42428571,0.00023001407787592854,0.0003313132458968582,0.00017662843537280537,0.00023555312058221034,0.0005427228204171186,0.0014080215192402434,0.003600299133108109,0.007025182505397964,-0.0007928328330937262,-0.013017873196538687,9.9,0.16438735199999988,-0.029794050000000016,0.08916996100000008,-0.07615560700000001,0.12677865599999993,-0.052974827999999974,25.752803995032696,25.879422372762786,13.64112978949225,13.775647478537948,0.6635646849,-0.001112081199999948,-0.04354681150000006
2010-05-31,145332987028.0,770480.0,0.7167378404,38.062770599999936,-17.961321299999952,31.9295,-0.0005199071645751729,0.00023001407787592854,0.0006337939114429147,0.00017662843537280537,0.00032106460870640063,0.0005427228204171186,0.013622144074852294,0.003600299133108109,-0.011315899026932641,-0.0007928328330937262,9.9,-0.2754090910000002,0.16438735199999988,-0.19040909100000003,0.08916996100000008,-0.2329090909999998,0.12677865599999993,25.702293408789636,25.752803995032696,13.554768976234746,13.64112978949225,0.6624526037,0.05428523669999996,-0.001112081199999948
2010-06-30,159554380137.0,889208.0,0.6800814806,27.787878800000016,38.062770599999936,29.91636364,-0.0004188828777280662,-0.0005199071645751729,0.0010494034742976055,0.0006337939114429147,-0.00042072631267231486,0.00032106460870640063,0.00219929099179339,0.013622144074852294,-0.019778027615867444,-0.011315899026932641,9.6,-0.21277272699999994,-0.2754090910000002,-0.118681818,-0.19040909100000003,-0.1657272729999999,-0.2329090909999998,25.79565064236184,25.702293408789636,13.698086457882809,13.554768976234746,0.7167378404,-0.03665635980000004,0.05428523669999996
2010-07-31,143604529202.0,808316.0,0.6499743799,-11.16261999999999,27.787878800000016,25.5652381,0.0018675086613582081,-0.0004188828777280662,0.0007637434645246799,0.0010494034742976055,0.0008523403899918236,-0.00042072631267231486,0.0038184607279259097,0.00219929099179339,-0.01199551250471309,-0.019778027615867444,9.4,-0.12415584399999968,-0.21277272699999994,-0.22943723000000005,-0.118681818,-0.1767965370000002,-0.1657272729999999,25.690329033467048,25.79565064236184,13.602708350156732,13.698086457882809,0.6800814806,-0.0301071007,-0.03665635980000004
2010-08-31,148723354703.0,905160.0,0.6946517665,-2.4282891999999947,-11.16261999999999,24.74590909,0.0014602967272390188,0.0018675086613582081,0.0006593327430461926,0.0007637434645246799,0.0013710749604713968,0.0008523403899918236,0.0036646267516067255,0.0038184607279259097,-0.01498384513405071,-0.01199551250471309,9.4,-0.10129870200000024,-0.12415584399999968,-0.08601731599999995,-0.22943723000000005,-0.09365800799999979,-0.1767965370000002,25.725353737279747,25.690329033467048,13.715867002635678,13.602708350156732,0.6499743799,0.04467738660000009,-0.0301071007
2010-09-30,164928814100.0,872138.0,0.7440934469,-1.034632000000002,-2.4282891999999947,22.51761905,0.001613946310657255,0.0014602967272390188,0.0009115112765041289,0.0006593327430461926,0.0009939590202838744,0.0013710749604713968,0.0028008035698423583,0.0036646267516067255,0.0014559303725363293,-0.01498384513405071,9.5,0.18082251100000013,-0.10129870200000024,-0.057316017,-0.08601731599999995,0.061753246999999956,-0.09365800799999979,25.828779788057453,25.725353737279747,13.678702947250551,13.715867002635678,0.6946517665,0.049441680399999965,0.04467738660000009
2010-10-31,156300809774.0,844932.0,0.590534414,-8.465367900000018,-1.034632000000002,20.37333333,0.003475798701795263,0.001613946310657255,0.000536590767731937,0.0009115112765041289,0.003185049503940718,0.0009939590202838744,-0.002696050196444588,0.0028008035698423583,-0.023633356218983437,0.0014559303725363293,9.5,0.32490476200000007,0.18082251100000013,0.22795238099999993,-0.057316017,0.27642857100000007,0.061753246999999956,25.775048255256134,25.828779788057453,13.647011429728375,13.678702947250551,0.7440934469,-0.15355903290000006,0.049441680399999965
2010-11-30,136423518190.0,771112.0,0.6271325143,-10.299999999999969,-8.465367900000018,20.09571429,0.0025306368592339368,0.003475798701795263,0.0014370051506675807,0.000536590767731937,0.00198963477253411,0.003185049503940718,0.0007049099480704868,-0.002696050196444588,-0.03923904764779884,-0.023633356218983437,9.4,0.11549999999999994,0.32490476200000007,0.04850000000000021,0.22795238099999993,0.08199999999999985,0.27642857100000007,25.639029988240825,25.775048255256134,13.555588907883855,13.647011429728375,0.590534414,0.0365981003000001,-0.15355903290000006
2010-12-31,130233031892.0,776190.0,0.5800603795,-14.76324120000001,-10.299999999999969,17.56954545,0.004008531438849161,0.0025306368592339368,0.0008729066544210795,0.0014370051506675807,0.0022596400773604586,0.00198963477253411,0.009910947752361565,0.0007049099480704868,-0.023025548617725988,-0.03923904764779884,9.8,0.12559090900000003,0.11549999999999994,0.1740454549999999,0.04850000000000021,0.1498181820000002,0.08199999999999985,25.592591235711616,25.639029988240825,13.562152614556448,13.555588907883855,0.6271325143,-0.047072134800000054,0.0365981003000001
2011-01-31,162219630944.0,812445.0,0.6497234048,-15.176585700000047,-14.76324120000001,17.3155,0.0032377948808059998,0.004008531438849161,0.0020667383902681635,0.0008729066544210795,0.002997650075796443,0.0022596400773604586,-0.0021681413773624314,0.009910947752361565,-0.04530356649449452,-0.023025548617725988,9.3,-0.027590909000000163,0.12559090900000003,0.2009545450000001,0.1740454549999999,0.08668181799999974,0.1498181820000002,25.812217000552117,25.592591235711616,13.60780349858711,13.562152614556448,0.5800603795,0.06966302530000001,-0.047072134800000054
2011-02-28,157414024947.0,801913.0,0.6210402919,-9.355388399999988,-15.176585700000047,17.43,0.0032093192514253133,0.0032377948808059998,0.001838499585154807,0.0020667383902681635,0.0027817339947677766,0.002997650075796443,-0.0041246154098306675,-0.0021681413773624314,-0.017805083087875317,-0.04530356649449452,9.1,-0.07071052600000005,-0.027590909000000163,0.08055263200000007,0.2009545450000001,0.0049210529999998975,0.08668181799999974,25.782145272816617,25.812217000552117,13.594755402161407,13.60780349858711,0.6497234048,-0.02868311290000003,0.06966302530000001
2011-03-31,179141077455.0,916200.0,0.6297422404,3.4489701999999696,-9.355388399999988,20.72347826,0.005160211385656588,0.0032093192514253133,0.0010791037770250256,0.001838499585154807,0.004011681641174825,0.0027817339947677766,0.010310676459952539,-0.0041246154098306675,-0.021997669568621703,-0.017805083087875317,9.0,0.03334096099999995,-0.07071052600000005,0.19068649799999982,0.08055263200000007,0.11201373000000014,0.0049210529999998975,25.911439474572894,25.782145272816617,13.727989960434778,13.594755402161407,0.6210402919,0.008701948500000056,-0.02868311290000003
2011-04-30,138605134940.0,737865.0,0.553773634,-5.4792960999999565,3.4489701999999696,16.244,0.004683116049055691,0.005160211385656588,0.0012209822596025433,0.0010791037770250256,0.00423337195628104,0.004011681641174825,-0.0033183153212039684,0.010310676459952539,0.0014065259805882135,-0.021997669568621703,9.0,0.17236956500000034,0.03334096099999995,0.10976087000000012,0.19068649799999982,0.14106521699999996,0.11201373000000014,25.654894971645078,25.911439474572894,13.511516160020188,13.727989960434778,0.6297422404,-0.07596860640000003,0.008701948500000056
2011-05-31,140189008304.0,757749.0,0.5205278804,4.7683983000000225,-5.4792960999999565,16.91142857,0.0031766637911196938,0.004683116049055691,0.0020004382628293627,0.0012209822596025433,0.003031367784246619,0.00423337195628104,0.0012292630132355598,-0.0033183153212039684,0.0007820214990523766,0.0014065259805882135,9.1,-0.2691190480000003,0.17236956500000034,-0.13388095200000016,0.10976087000000012,-0.2014999999999998,0.14106521699999996,25.66625740835933,25.654894971645078,13.53810747522271,13.511516160020188,0.553773634,-0.03324575360000004,-0.07596860640000003
2011-06-30,158166515066.0,799126.0,0.6478982325,12.811688300000007,4.7683983000000225,19.15318182,0.0,0.0031766637911196938,0.0023258311291982636,0.0020004382628293627,-0.00020467852078098758,0.003031367784246619,0.002949609638396744,0.0012292630132355598,-0.00851578561179167,0.0007820214990523766,9.0,-0.06419913399999988,-0.2691190480000003,-0.2221645029999999,-0.13388095200000016,-0.14318181799999996,-0.2014999999999998,25.786914207840997,25.66625740835933,13.59127390943693,13.53810747522271,0.5205278804,0.12737035210000003,-0.03324575360000004
2011-07-31,133891762417.0,655393.0,0.5902118283,-0.3909091000000444,12.811688300000007,19.2275,0.002616610518663798,0.0,0.002315994056119486,0.0023258311291982636,0.0017007905238761722,-0.00020467852078098758,0.004736276197775169,0.002949609638396744,-0.005399733084910707,-0.00851578561179167,9.1,0.1888181819999999,-0.06419913399999988,0.07654545499999998,-0.2221645029999999,0.132681818,-0.14318181799999996,25.620297567340327,25.786914207840997,13.392990334689356,13.59127390943693,0.6478982325,-0.05768640420000004,0.12737035210000003
2011-08-31,164497283659.0,814894.0,0.7374134403,59.15968380000001,-0.3909091000000444,35.02913043,0.0031494972889110073,0.002616610518663798,0.002855371275836127,0.002315994056119486,0.0023526515769010103,0.0017007905238761722,0.006346240467559383,0.004736276197775169,-0.0015058623906156754,-0.005399733084910707,9.0,-0.16047826099999973,0.1888181819999999,-0.26286956500000014,0.07654545499999998,-0.21167391300000027,0.132681818,25.826159894304254,25.620297567340327,13.610813322414595,13.392990334689356,0.5902118283,0.14720161200000004,-0.05768640420000004
2011-09-30,150956687483.0,755806.0,0.656162754,45.252870400000035,59.15968380000001,36.53,0.0021691934558836223,0.0031494972889110073,0.0011327936075726797,0.002855371275836127,0.0014046527402955533,0.0023526515769010103,-0.0007679288076110069,0.006346240467559383,0.0071728143962168645,-0.0015058623906156754,9.0,-0.3869979290000001,-0.16047826099999973,-0.1534161489999999,-0.26286956500000014,-0.270207039,-0.21167391300000027,25.74025879475456,25.826159894304254,13.535540008474113,13.610813322414595,0.7374134403,-0.08125068629999999,0.14720161200000004
2011-10-31,157496917490.0,796857.0,0.6934808034,4.698268299999967,45.252870400000035,32.82904762,0.0006749796769751626,0.0021691934558836223,0.0017144477316204387,0.0011327936075726797,2.1429795989291733e-05,0.0014046527402955533,0.0069706936479114745,-0.0007679288076110069,-0.011055476737157122,0.0071728143962168645,9.0,0.05647619000000015,-0.3869979290000001,0.08028571399999995,-0.1534161489999999,0.06838095200000005,-0.270207039,25.782671723528512,25.74025879475456,13.588430518838516,13.535540008474113,0.656162754,0.03731804939999994,-0.08125068629999999
2011-11-30,144955526320.0,769074.0,0.679275064,0.6119047999999907,4.698268299999967,31.94190476,0.0018461448804947267,0.0006749796769751626,0.0017335499097717033,0.0017144477316204387,0.002044432311941513,2.1429795989291733e-05,-0.00011809774849425025,0.0069706936479114745,-0.013353293967934832,-0.011055476737157122,8.8,0.02699999999999969,0.05647619000000015,0.06499999999999995,0.08028571399999995,0.04600000000000004,0.06838095200000005,25.699692817285825,25.782671723528512,13.552942472726741,13.588430518838516,0.6934808034,-0.014205739399999917,0.03731804939999994
2011-12-31,126773971115.0,740065.0,0.6598242099,14.585930700000006,0.6119047999999907,25.04761905,0.00023768024196879622,0.0018461448804947267,0.002227584213374989,0.0017335499097717033,0.000577249954562653,0.002044432311941513,0.005244496633573625,-0.00011809774849425025,-0.021894341125788586,-0.013353293967934832,8.6,0.08652381000000009,0.02699999999999969,-0.09147618999999985,0.06499999999999995,-0.002476189999999878,0.04600000000000004,25.565671582759418,25.699692817285825,13.514493299160673,13.552942472726741,0.679275064,-0.019450854100000026,-0.014205739399999917
2012-01-31,179713654214.0,879359.0,0.6546266869,-19.076406899999995,14.585930700000006,20.228,0.002720492157261667,0.00023768024196879622,0.0020734409403413423,0.002227584213374989,0.003413919290713885,0.000577249954562653,0.0059977250434117835,0.005244496633573625,-0.03478103925470144,-0.021894341125788586,8.5,0.042476189999999914,0.08652381000000009,0.08747618999999984,-0.09147618999999985,0.06497618999999988,-0.002476189999999878,25.91463061123275,25.565671582759418,13.686948511944681,13.514493299160673,0.6598242099,-0.005197522999999982,-0.019450854100000026
2012-02-29,30966250701.0,135728.0,0.5700896853,-25.290476199999972,-19.076406899999995,18.4205,0.0021351650368677255,0.002720492157261667,0.0006887309418113219,0.0020734409403413423,0.0022340672490503977,0.003413919290713885,0.003164701646636736,0.0059977250434117835,-0.020343157275060975,-0.03478103925470144,8.3,0.10650000000000004,0.042476189999999914,0.1885000000000001,0.08747618999999984,0.14749999999999996,0.06497618999999988,24.156163761316808,25.91463061123275,11.818408162047517,13.686948511944681,0.6546266869,-0.0845370016,-0.005197522999999982
