Date,VIXCLS,CPIAUCSL,CPILFESL,UNRATE,CCSA,T10YIE,T5YIE,T5YIFR,INDPRO,PCEPI,IG_spread,HY_spread,DGS10,DGS5,DGS2,DGS30
1999-12-31,24.64,,,,,,,,,,125.0,497.99999999999994,6.45,6.36,6.24,6.48
2000-01-31,23.202,169.3,179.3,4.0,2109800.0,,,,91.4092,72.961,118.99523810000004,493.383333,6.661,6.5795,6.44,6.6255
2000-02-29,23.5955,170.0,179.4,4.1,2147500.0,,,,91.7245,73.191,130.33571430000003,492.771429,6.5195,6.678,6.6105,6.232
2000-03-31,22.71826087,171.0,180.0,4.0,2079000.0,,,,92.083,73.505,155.43478259999998,538.6521736999999,6.256521739,6.503913043,6.52826087,6.053478261
2000-04-30,27.16421053,170.9,180.3,3.8,2015400.0,,,,92.6659,73.444,182.14736839999998,586.9868421000001,5.990526316,6.262631579,6.403684211,5.846315789
2000-05-31,26.37318182,171.2,180.7,4.0,1989500.0,,,,92.9347,73.505,187.95454550000005,589.8359687,6.440454545,6.687727273,6.809545455,6.148636364
2000-06-30,21.54,172.2,181.1,4.0,2028250.0,,,,93.0018,73.754,195.22727280000004,617.6818179,6.097272727,6.300909091,6.481818182,5.926363636
2000-07-31,19.893,172.7,181.5,4.0,2085600.0,,,,92.8373,73.939,187.98095239999998,619.147619,6.054,6.179,6.339,5.851
2000-08-31,18.08869565,172.7,181.9,4.1,2117250.0,,,,92.591,73.934,195.95652169999997,638.2608694999999,5.826086957,6.060869565,6.228695652,5.716086957
2000-09-30,19.6875,173.6,182.3,3.9,2119600.0,,,,92.9827,74.252,191.23636359999995,650.595455,5.799,5.9345,6.0815,5.8265
2000-10-31,25.2,173.9,182.6,3.9,2116250.0,,,,92.64,74.353,194.32467529999994,738.2597407,5.738571429,5.782857143,5.912380952,5.803333333
2000-11-30,26.38285714,174.2,183.1,3.9,2211250.0,,,,92.6604,74.457,203.69480520000005,820.2835501999999,5.717142857,5.697619048,5.875238095,5.775714286
2000-12-31,26.5305,174.6,183.3,3.9,2306400.0,,,,92.3457,74.571,218.14047619999997,918.7238099999998,5.2405,5.168,5.352,5.4905
2001-01-31,24.91857143,175.6,183.9,4.2,2395750.0,,,,91.8908,74.932,194.13203459999994,869.7792211,5.160952381,4.858571429,4.76,5.540952381
2001-02-28,23.41157895,176.0,184.4,4.2,2486500.0,,,,91.2851,75.048,181.0552632,777.6684211,5.098947368,4.886315789,4.656842105,5.454736842
2001-03-31,28.49681818,176.1,184.7,4.3,2585400.0,,,,91.0585,75.055,180.88932809999994,810.1620557,4.885454545,4.642727273,4.342272727,5.339545455
2001-04-30,28.134,176.4,185.1,4.4,2697250.0,,,,90.7384,75.187,165.39999999999998,860.1500000000001,5.141,4.7635,4.234,5.646
2001-05-31,22.94409091,177.3,185.3,4.3,2819250.0,,,,90.2607,75.385,134.90711470000002,785.0968376999999,5.391363636,4.927727273,4.26,5.78
2001-06-30,20.94047619,177.7,186.0,4.5,2947400.0,,,,89.7811,75.518,129.20779219999997,821.8311693,5.284285714,4.807142857,4.08,5.66952381
2001-07-31,22.31619048,177.4,186.4,4.6,3030750.0,,,,89.2352,75.493,127.79004330000001,841.0367967999999,5.236190476,4.761904762,4.038571429,5.613333333
2001-08-31,21.86173913,177.4,186.7,4.9,3120000.0,,,,89.157,75.484,128.5217391,813.8260866999999,4.971304348,4.573913043,3.757391304,5.483478261
2001-09-30,35.06533333,178.1,187.1,5.0,3262200.0,,,,88.6749,75.227,142.37908500000006,939.8594772000001,4.731764706,4.115294118,3.118823529,5.482941176
2001-10-31,32.72130435,177.6,187.4,5.3,3527500.0,,,,88.4051,75.492,142.14426880000008,990.217391,4.566818182,3.91,2.725909091,5.315454545
2001-11-30,26.63095238,177.5,188.1,5.5,3656500.0,,,,87.886,75.441,138.07727269999992,894.7045449999999,4.6515,3.9725,2.7825,5.118
2001-12-31,23.72,177.4,188.4,5.7,3589400.0,,,,87.8518,75.363,122.04999999999995,846.5,5.0875,4.3895,3.107,5.48
2002-01-31,22.25285714,177.7,188.7,5.7,3550500.0,,,,88.4634,75.431,112.92857139999998,828.6818180000001,5.035714286,4.34,3.028095238,5.445238095
2002-02-28,22.87578947,178.0,189.1,5.7,3554250.0,,,,88.4578,75.558,136.84210530000004,815.8078947,4.911578947,4.298421053,3.015263158,5.451578947
2002-03-31,18.985,178.5,189.2,5.7,3610800.0,,,,89.1265,75.763,131.3142857,740.9142860000001,5.284,4.738,3.5575,5.8085
2002-04-30,19.90045455,179.3,189.7,5.9,3689250.0,,,,89.5507,76.08,132.54545449999995,720.0909088000001,5.210909091,4.646818182,3.422727273,5.791818182
2002-05-31,20.08772727,179.5,190.0,5.8,3712000.0,,,,89.9348,76.13,137.0237154,708.4150195000001,5.164545455,4.494545455,3.264090909,5.757272727
2002-06-30,25.271,179.6,190.2,5.8,3635200.0,,,,90.6736,76.225,119.7785714,804.7333330000001,4.9265,4.186,2.993,5.677
2002-07-31,34.04954545,180.0,190.5,5.8,3504250.0,,,,90.6436,76.393,148.812253,949.0988143,4.653181818,3.807272727,2.556818182,5.585
2002-08-31,33.74272727,180.5,191.1,5.7,3516800.0,,,,90.5505,76.543,171.1857708,1000.8498025,4.257272727,3.294545455,2.133636364,5.275909091
2002-09-30,37.6475,180.8,191.3,5.7,3555000.0,,,,90.6373,76.681,177.42857139999995,1014.4857139999999,3.87,2.938,2.0045,4.963
2002-10-31,35.24304348,181.2,191.5,5.7,3555750.0,,,,90.3988,76.821,198.43083000000004,1091.021739,3.940909091,2.945,1.911818182,5.181818182
2002-11-30,28.175,181.5,191.9,5.9,3482400.0,,,,90.8947,76.897,156.02153109999995,981.9808607999998,4.048421053,3.054736842,1.923157895,5.182105263
2002-12-31,28.21047619,181.8,192.1,6.0,3482750.0,,,,90.3906,76.971,130.6666667,915.4285717,4.032380952,3.033333333,1.836190476,5.133333333
2003-01-31,27.42428571,182.6,192.4,5.8,3414500.0,1.754285714,1.398095238,2.11047619,91.1369,77.201,109.59740260000004,836.0800868,4.048571429,3.052380952,1.743333333,5.137619048
2003-02-28,32.21842105,183.6,192.5,5.9,3437000.0,1.912631579,1.654210526,2.171052632,91.2505,77.526,101.68684210000004,860.2105263000001,3.902631579,2.897894737,1.627894737,5.024736842
2003-03-31,30.63428571,183.9,192.5,5.9,3540800.0,1.862857143,1.695238095,2.03047619,91.0006,77.725,100.09523809999999,826.5714286,3.807142857,2.783809524,1.573809524,5.027142857
2003-04-30,23.99190476,183.2,192.5,6.0,3629750.0,1.774761905,1.568571429,1.980952381,90.4311,77.593,78.38095230000005,723.1428571,3.958571429,2.928571429,1.622380952,5.127142857
2003-05-31,20.23952381,182.9,192.9,6.1,3719200.0,1.660952381,1.336666667,1.985238095,90.4,77.504,65.92132509999998,687.4285714000001,3.569047619,2.515714286,1.415238095,4.762857143
2003-06-30,20.36238095,183.1,193.0,6.3,3701500.0,1.612380952,1.358571429,1.866190476,90.5196,77.588,63.523809600000014,663.7142857000001,3.334285714,2.265714286,1.227142857,4.618571429
2003-07-31,19.16136364,183.7,193.4,6.2,3616250.0,1.865909091,1.568181818,2.163636364,90.9869,77.816,40.889328100000014,609.0335969,3.975454545,2.872272727,1.474090909,5.127727273
2003-08-31,19.27428571,184.5,193.6,6.1,3596400.0,2.124761905,1.886666667,2.362857143,90.7933,78.079,41.38528140000002,603.1363635999999,4.445238095,3.37,1.864285714,5.445714286
2003-09-30,19.53238095,185.1,193.7,6.1,3575750.0,2.088095238,1.893333333,2.282857143,91.3819,78.323,34.98051950000001,560.5692639999999,4.274285714,3.184761905,1.706190476,5.275714286
2003-10-31,18.02347826,184.9,194.0,6.0,3486250.0,2.214090909,1.978181818,2.45,91.5049,78.333,26.563241199999954,516.8003952,4.290454545,3.185909091,1.747727273,5.3
2003-11-30,17.40105263,185.0,194.0,5.8,3373400.0,2.336111111,2.017222222,2.655,92.1265,78.432,28.904761899999976,484.23015879999997,4.3,3.287222222,1.926666667,5.246666667
2003-12-31,16.82636364,185.5,194.2,5.7,3270250.0,2.284090909,2.039545455,2.528636364,92.1732,78.605,22.2272727,450.63636360000004,4.267727273,3.268636364,1.907272727,5.213181818
2004-01-31,16.101,186.3,194.6,5.7,3148200.0,2.263,2.0355,2.4905,92.3268,78.909,14.359090900000027,418.6681818,4.1505,3.1215,1.761,5.131
2004-02-29,15.99842105,186.7,194.9,5.6,3114750.0,2.322105263,2.21,2.434210526,92.8995,79.077,16.7694236,448.6867168,4.084210526,3.067894737,1.74,5.076842105
2004-03-31,17.6873913,187.1,195.5,5.8,3046250.0,2.361304348,2.27173913,2.450869565,92.5368,79.199,22.65217390000003,468.3043478,3.826521739,2.786956522,1.577826087,4.899565217
2004-04-30,15.69857143,187.4,195.9,5.6,3000750.0,2.444761905,2.373809524,2.515714286,92.8957,79.346,18.476190399999926,421.3809523,4.347619048,3.38952381,2.070952381,5.277619048
2004-05-31,17.705,188.2,196.2,5.6,2975600.0,2.6255,2.5125,2.7385,93.5845,79.604,25.164285700000022,444.80714290000003,4.7155,3.8505,2.5335,5.5105
2004-06-30,15.34272727,188.9,196.6,5.6,2950750.0,2.587619048,2.521904762,2.653333333,92.8651,79.831,33.61904760000005,425.4588745,4.733809524,3.929047619,2.763333333,5.475714286
2004-07-31,15.50238095,189.1,196.8,5.5,2917000.0,2.473809524,2.397619048,2.55,93.5502,79.905,37.842650099999986,423.4472049000001,4.498095238,3.688571429,2.638571429,5.306190476
2004-08-31,16.68409091,189.2,196.9,5.4,2891500.0,2.421818182,2.351363636,2.492272727,93.6301,79.946,42.04545460000002,431.81818179999993,4.281363636,3.474545455,2.508181818,5.145909091
2004-09-30,14.08095238,189.8,197.5,5.4,2862750.0,2.326666667,2.252380952,2.400952381,93.7353,80.104,43.47402589999998,413.33982690000005,4.125714286,3.355238095,2.525238095,4.983809524
2004-10-31,14.97380952,190.8,197.9,5.5,2778000.0,2.368,2.373,2.363,94.5695,80.448,43.93636359999995,399.3863635999999,4.097,3.3475,2.5845,4.944
2004-11-30,13.57761905,191.7,198.3,5.4,2734500.0,2.518,2.6215,2.4145,94.8015,80.758,46.5545455,353.95454550000005,4.194,3.525,2.852,4.9475
2004-12-31,12.45954545,191.7,198.6,5.4,2719000.0,2.562272727,2.674545455,2.45,95.5415,80.801,45.272727299999985,334.72727269999996,4.230909091,3.598181818,3.011818182,4.911363636
2005-01-31,13.438,191.6,199.0,5.3,2723800.0,2.498,2.578,2.418,95.8785,80.907,52.99285710000001,340.68095239999997,4.2215,3.707,3.2225,4.765
2005-02-28,11.70894737,192.4,199.4,5.4,2686500.0,2.534210526,2.683157895,2.385263158,96.5709,81.132,58.42368420000001,320.6684211,4.165263158,3.766315789,3.384736842,4.558947368
2005-03-31,13.12636364,193.1,200.1,5.2,2659500.0,2.710454545,2.876818182,2.544090909,96.4345,81.375,60.409090899999995,310.63636369999995,4.497727273,4.165454545,3.726818182,4.774545455
2005-04-30,14.45904762,193.7,200.2,5.2,2604400.0,2.635238095,2.77,2.50047619,96.6347,81.603,77.67748919999997,391.4610389,4.340952381,3.998571429,3.653809524,4.65
2005-05-31,13.96761905,193.6,200.5,5.1,2586250.0,2.490952381,2.574761905,2.407142857,96.7251,81.649,91.48051950000004,434.6688312000001,4.144285714,3.852857143,3.643809524,4.49
2005-06-30,11.86863636,193.7,200.6,5.0,2600000.0,2.323636364,2.381363636,2.265909091,97.1483,81.7,85.31818180000003,399.3181818,3.998181818,3.772272727,3.640454545,4.279545455
2005-07-31,11.049,194.9,200.9,5.0,2595200.0,2.301,2.3095,2.2925,96.8397,82.046,83.1590909,359.3272727,4.1775,3.979,3.871,4.378
2005-08-31,12.95130435,196.1,201.1,4.9,2580750.0,2.373478261,2.412173913,2.334782609,97.1584,82.377,82.95652169999998,344.2608696,4.262608696,4.122173913,4.044347826,4.44173913
2005-09-30,12.62809524,198.8,201.3,5.0,2716500.0,2.5,2.610952381,2.389047619,95.2764,83.172,82.68614720000001,373.33549790000006,4.199047619,4.006190476,3.946190476,4.451904762
2005-10-31,14.93761905,199.1,202.0,5.0,2803400.0,2.521,2.633,2.409,96.4411,83.305,87.36428570000001,367.15,4.4635,4.3285,4.271,4.6405
2005-11-30,12.14761905,198.1,202.5,5.0,2701250.0,2.4715,2.479,2.464,97.5016,83.131,95.3181818,369.15909090000014,4.535,4.4525,4.4165,4.704
2005-12-31,11.26,198.1,202.8,4.9,2639400.0,2.343809524,2.307142857,2.38047619,97.9723,83.131,100.51298700000002,372.7164503000001,4.467142857,4.392380952,4.404285714,4.62
2006-01-31,12.036,199.3,203.2,4.7,2557000.0,2.41,2.413,2.407,98.127,83.534,94.44761899999996,361.87857139999994,4.416,4.3455,4.3955,4.5715
2006-02-28,12.47105263,199.4,203.6,4.8,2507250.0,2.52,2.592105263,2.447894737,98.1687,83.584,96.10526320000004,338.9394737,4.568947368,4.572105263,4.668421053,4.574210526
2006-03-31,11.69391304,199.7,204.3,4.7,2455500.0,2.526521739,2.624347826,2.428695652,98.3913,83.746,93.78260870000004,330.95652169999994,4.723913043,4.716086957,4.733913043,4.734347826
2006-04-30,11.84736842,200.7,204.8,4.7,2401000.0,2.581578947,2.642105263,2.521052632,98.6826,84.135,89.39736839999996,313.4394737,4.990526316,4.902105263,4.888947368,5.062631579
2006-05-31,14.45454545,201.3,205.4,4.6,2383750.0,2.664090909,2.694090909,2.634090909,98.7074,84.361,86.3478261,309.444664,5.11,4.997727273,4.968181818,5.201363636
2006-06-30,16.91863636,201.8,205.9,4.6,2408500.0,2.576818182,2.615454545,2.538181818,99.0398,84.569,97.49999999999997,333.0000000000001,5.106363636,5.067272727,5.121818182,5.154090909
2006-07-31,15.326,202.9,206.3,4.7,2449400.0,2.5805,2.5845,2.5765,98.9751,84.858,99.82142859999996,342.85714290000004,5.0875,5.04,5.1185,5.1345
2006-08-31,13.35173913,203.8,206.8,4.7,2466250.0,2.585652174,2.554782609,2.616521739,99.4047,85.125,99.73913039999998,347.4347825999999,4.876521739,4.822173913,4.903478261,4.996086957
2006-09-30,12.1845,202.8,207.2,4.5,2446200.0,2.3995,2.2905,2.5085,99.2246,84.902,99.96363639999997,347.9318182,4.719,4.6675,4.769,4.852
2006-10-31,11.30636364,201.9,207.6,4.4,2446250.0,2.317619048,2.176190476,2.459047619,99.1229,84.702,99.73160170000001,330.51515150000006,4.729047619,4.686666667,4.795714286,4.854761905
2006-11-30,10.81761905,202.0,207.8,4.5,2476000.0,2.303333333,2.174285714,2.432380952,99.0963,84.731,98.38528139999995,317.39826839999995,4.595238095,4.582380952,4.74047619,4.685714286
2006-12-31,10.9645,203.1,208.1,4.4,2481200.0,2.314,2.25,2.378,100.1125,85.032,97.1690476,305.41428569999994,4.5645,4.533,4.6735,4.6825
2007-01-31,11.0425,203.437,208.6,4.6,2524250.0,2.322857143,2.28047619,2.365238095,99.7546,85.316,94.50216449999998,279.2597402,4.75952381,4.752857143,4.876190476,4.851904762
2007-02-28,11.15526316,204.226,209.135,4.5,2569250.0,2.362105263,2.369473684,2.354736842,100.7166,85.581,92.58684210000006,265.9473684,4.722631579,4.710526316,4.848947368,4.821578947
2007-03-31,15.16272727,205.288,209.418,4.4,2519000.0,2.387727273,2.441818182,2.333636364,100.8952,85.894,96.15415020000002,294.7786561,4.564545455,4.480909091,4.573636364,4.721818182
2007-04-30,12.933,205.904,209.747,4.5,2496000.0,2.438095238,2.477142857,2.399047619,101.5723,86.096,95.0690476,281.91666669999995,4.693809524,4.593333333,4.666190476,4.866190476
2007-05-31,13.29772727,206.755,210.058,4.4,2447750.0,2.372727273,2.377727273,2.367727273,101.6269,86.346,96.04545460000003,264.95454549999994,4.746363636,4.667272727,4.766363636,4.901363636
2007-06-30,14.94761905,207.234,210.392,4.6,2482000.0,2.411904762,2.372380952,2.451428571,101.6547,86.529,94.30519480000008,265.2445888,5.102857143,5.026190476,4.98047619,5.203333333
2007-07-31,17.27333333,207.603,210.773,4.7,2542250.0,2.367619048,2.289047619,2.446190476,101.4953,86.661,103.93506500000002,341.6147185999999,5.004285714,4.884761905,4.819047619,5.108095238
2007-08-31,25.02608696,207.667,211.119,4.6,2553000.0,2.236521739,2.043913043,2.429130435,101.6943,86.72,132.21739129999995,444.6521739,4.674782609,4.432173913,4.313043478,4.932173913
2007-09-30,22.19894737,208.547,211.554,4.7,2537200.0,2.264210526,2.056315789,2.472105263,101.9428,87.054,139.08020050000002,455.72431080000007,4.521578947,4.198947368,4.011578947,4.793157895
2007-10-31,19.11565217,209.19,212.077,4.7,2561750.0,2.325454545,2.191363636,2.459545455,101.6446,87.318,129.96640309999998,427.83399210000005,4.527727273,4.198181818,3.967727273,4.773636364
2007-11-30,25.58238095,210.834,212.66,4.7,2616750.0,2.3805,2.3145,2.4465,102.2167,87.781,155.42272729999996,548.2090909,4.1485,3.667,3.3365,4.52
2007-12-31,21.651,211.445,213.168,5.0,2712000.0,2.3085,2.2155,2.4015,102.2764,87.984,174.09999999999997,591.5,4.0975,3.4875,3.117,4.527
2008-01-31,25.81619048,212.174,213.771,5.0,2798750.0,2.275238095,2.122857143,2.427619048,102.1493,88.206,182.8896104,703.4523810000001,3.744285714,2.98047619,2.475714286,4.33047619
2008-02-29,25.456,212.687,213.939,4.9,2844250.0,2.3325,2.131,2.534,101.7756,88.382,188.25000000000003,752.9571430000001,3.7375,2.779,1.973,4.517
2008-03-31,27.1035,213.448,214.42,5.1,2912800.0,2.419,2.256,2.582,101.4508,88.635,232.05,833.75,3.51,2.4835,1.617,4.393
2008-04-30,21.56272727,213.942,214.56,5.0,2964000.0,2.312727273,2.225909091,2.399545455,100.7554,88.799,233.5,756.9090914000001,3.675,2.841363636,2.047272727,4.443181818
2008-05-31,18.30333333,215.208,214.936,5.4,3013600.0,2.42,2.36047619,2.47952381,100.1336,89.18,215.39130430000003,686.5797097000001,3.88,3.153333333,2.445714286,4.596190476
2008-06-30,22.11047619,217.463,215.424,5.6,3057750.0,2.470952381,2.516190476,2.425714286,99.8728,89.827,220.38095230000005,685.3809525,4.09952381,3.485238095,2.773809524,4.689047619
2008-07-31,24.32181818,219.016,215.965,5.8,3176250.0,2.438636364,2.462727273,2.414545455,99.4194,90.245,250.3577075,787.2470351999999,4.007727273,3.303181818,2.573181818,4.570909091
2008-08-31,20.69571429,218.69,216.393,6.1,3378000.0,2.20952381,1.993809524,2.425238095,97.8491,90.172,265.1558441000001,831.8095238000002,3.885714286,3.141904762,2.42047619,4.501904762
2008-09-30,30.23857143,218.877,216.713,6.1,3521750.0,1.836190476,1.330952381,2.341428571,93.5576,90.247,333.3354979,930.0259736,3.686190476,2.884285714,2.076190476,4.269047619
2008-10-31,61.1773913,216.995,216.788,6.5,3731000.0,1.061818182,-0.027727273,2.165,94.4985,89.651,491.24308300000007,1506.4505934000001,3.814090909,2.726363636,1.612272727,4.173181818
2008-11-30,62.66894737,213.153,216.947,6.8,4096600.0,0.638333333,-1.398888889,2.718888889,93.2617,88.593,523.8571428,1802.3571432999997,3.526666667,2.291666667,1.212777778,4.004444444
2008-12-31,52.405,211.398,216.925,7.3,4522250.0,0.246363636,-0.24,0.732727273,90.6266,88.098,583.5000000000001,2029.9545458,2.416363636,1.521818182,0.820909091,2.87
2009-01-31,44.683,211.933,217.346,7.8,4861200.0,0.6055,0.0115,1.2005,88.3712,88.108,506.2954545,1675.8954550000003,2.5175,1.5965,0.807,3.128
2009-02-28,45.57052632,212.705,217.792,8.3,5297000.0,1.117894737,0.582105263,1.654210526,87.843,88.266,478.1428571,1659.6516293,2.87,1.871578947,0.975263158,3.586842105
2009-03-31,44.79545455,212.495,218.253,8.7,5765750.0,1.110454545,0.588636364,1.632272727,86.4689,88.169,536.2272727000001,1790.7727269,2.819545455,1.815909091,0.931363636,3.643181818
2009-04-30,38.06380952,212.709,218.706,9.0,6184500.0,1.35952381,0.747619048,1.972857143,85.7903,88.295,477.85714289999993,1563.8571431999999,2.927142857,1.858095238,0.927142857,3.76
2009-05-31,31.978,213.022,218.904,9.4,6525600.0,1.576,1.063,2.089,84.9436,88.387,360.70000000000005,1254.645455,3.293,2.134,0.9295,4.227
2009-06-30,29.14045455,214.79,219.112,9.5,6534250.0,1.859545455,1.525909091,2.193181818,84.6746,88.912,266.6818182,1071.1363639,3.721818182,2.705909091,1.184090909,4.516363636
2009-07-31,26.16272727,214.726,219.263,9.5,6139000.0,1.739545455,1.284090909,2.195,85.6853,88.922,235.94664029999998,1024.7707507,3.562272727,2.462727273,1.019090909,4.406818182
2009-08-31,25.33714286,215.445,219.496,9.6,6047800.0,1.813333333,1.281428571,2.345238095,86.6393,89.18,185.00000000000006,893.6666669000001,3.587142857,2.570952381,1.115238095,4.370952381
2009-09-30,24.92666667,215.861,219.92,9.8,5984750.0,1.76,1.343333333,2.176666667,87.3821,89.324,169.17316019999998,839.9588741,3.401904762,2.369047619,0.956190476,4.185714286
2009-10-31,24.25227273,216.509,220.501,10.0,5765600.0,1.904285714,1.50047619,2.308095238,87.5809,89.663,154.93374740000002,771.1055897,3.387619048,2.332857143,0.949047619,4.188571429
2009-11-30,23.789,217.234,220.666,9.9,5460500.0,2.127368421,1.746315789,2.508421053,87.9388,89.887,137.16541350000006,759.7092732,3.402631579,2.230526316,0.803157895,4.314736842
2009-12-31,21.23954545,217.347,220.881,9.9,5141750.0,2.225454545,1.908636364,2.542272727,88.2404,89.939,116.59090910000005,698.4545454999999,3.59,2.340454545,0.874545455,4.494090909
2010-01-31,20.64315789,217.488,220.633,9.8,4839000.0,2.358421053,2.066315789,2.650526316,89.1897,90.136,88.49373430000003,623.9122806999999,3.733157895,2.484210526,0.928947368,4.604736842
2010-02-28,22.54,217.281,220.731,9.8,4793750.0,2.272105263,1.947894737,2.596315789,89.5046,90.134,93.56140350000004,677.774436,3.691052632,2.363684211,0.856842105,4.619473684
2010-03-31,17.7673913,217.353,220.783,9.9,4731750.0,2.219130435,1.87173913,2.566521739,90.1356,90.261,82.5652174,619.3913044000001,3.727391304,2.433043478,0.958695652,4.644782609
2010-04-30,17.42428571,217.403,220.822,9.9,4728000.0,2.345909091,1.960909091,2.730909091,90.4607,90.31,64.60389610000004,565.2922078,3.846818182,2.581363636,1.060454545,4.693181818
2010-05-31,31.9295,217.29,220.962,9.6,4674800.0,2.113,1.7705,2.4555,91.7014,90.339,102.66666669999998,660.6666667000001,3.42,2.18,0.8305,4.286
2010-06-30,29.91636364,217.199,221.194,9.4,4583250.0,1.947272727,1.651818182,2.242727273,91.9033,90.301,130.4545455,713.2272728,3.204090909,1.996363636,0.724545455,4.127727273
2010-07-31,25.5652381,217.605,221.363,9.4,4528600.0,1.77047619,1.422380952,2.118571429,92.2549,90.378,119.2919255,687.3664596000001,3.011428571,1.762857143,0.616666667,3.994285714
2010-08-31,24.74590909,217.923,221.509,9.5,4461250.0,1.676818182,1.336363636,2.017272727,92.5936,90.502,116.86363630000001,685.9545454999999,2.698636364,1.465454545,0.520454545,3.803181818
2010-09-30,22.51761905,218.275,221.711,9.5,4467750.0,1.738571429,1.279047619,2.198095238,92.8533,90.592,115.82900430000001,660.2251083,2.647619048,1.41047619,0.48,3.773333333
2010-10-31,20.37333333,219.035,221.83,9.4,4363400.0,2.015,1.507,2.523,92.6033,90.881,107.36363639999999,626.8409091,2.54,1.1825,0.376,3.8725
2010-11-30,20.09571429,219.59,222.149,9.8,4195500.0,2.097,1.5555,2.6385,92.6686,91.062,97.06363640000002,612.3636363999999,2.763,1.35,0.454,4.186
2010-12-31,17.56954545,220.472,222.343,9.3,4100000.0,2.246818182,1.729545455,2.764090909,93.5916,91.268,82.30039520000001,573.5454545,3.290909091,1.934545455,0.618181818,4.417727273
2011-01-31,17.3155,221.187,222.803,9.1,3918400.0,2.3335,1.9305,2.7365,93.3889,91.542,67.12380949999996,531.502381,3.394,1.9945,0.6145,4.523
2011-02-28,17.43,221.898,223.213,9.0,3849250.0,2.338421053,2.011052632,2.665789474,93.0045,91.797,57.768421099999976,479.9105263,3.576315789,2.257894737,0.772631579,4.652105263
2011-03-31,20.72347826,223.046,223.454,9.0,3765500.0,2.450434783,2.20173913,2.699130435,93.9684,92.166,61.217391299999946,500.4347826,3.414347826,2.113478261,0.697391304,4.513913043
2011-04-30,16.244,224.093,223.727,9.1,3770800.0,2.5915,2.3115,2.8715,93.6571,92.557,55.73809519999999,482.38571429999996,3.455,2.169,0.7345,4.5015
2011-05-31,16.91142857,224.806,224.175,9.0,3773750.0,2.39,2.177619048,2.602380952,93.7723,92.838,60.50649350000001,504.39826839999995,3.168571429,1.842380952,0.555238095,4.293333333
2011-06-30,19.15318182,224.806,224.697,9.1,3741750.0,2.246818182,1.955454545,2.538181818,94.0493,92.819,73.31818180000002,575.1363636,3.002272727,1.58,0.410454545,4.232727273
2011-07-31,19.2275,225.395,225.218,9.0,3721600.0,2.3795,2.032,2.727,94.4958,92.977,72.92727269999997,572.1727273000001,3.003,1.541,0.4065,4.2705
2011-08-31,35.02913043,226.106,225.862,9.0,3716000.0,2.167826087,1.769130435,2.566521739,95.0974,93.196,132.08695649999999,724.173913,2.303043478,1.021304348,0.230434783,3.651304348
2011-09-30,36.53,226.597,226.118,9.0,3742750.0,1.897619048,1.615714286,2.17952381,95.0244,93.327,177.33982690000002,786.9978355,1.975238095,0.90047619,0.211428571,3.182380952
2011-10-31,32.82904762,226.75,226.506,8.8,3701600.0,1.966,1.696,2.236,95.6891,93.329,182.0380952,808.5642857,2.152,1.0615,0.2805,3.128
2011-11-30,31.94190476,227.169,226.899,8.6,3652500.0,2.012,1.761,2.263,95.6778,93.52,182.64999999999998,778.7909091,2.0135,0.908,0.2535,3.0155
2011-12-31,25.04761905,227.223,227.405,8.5,3573400.0,2.00952381,1.66952381,2.34952381,96.1809,93.574,197.23593069999998,770.3116884000001,1.978095238,0.891428571,0.257142857,2.982380952
2012-01-31,20.228,227.842,227.877,8.3,3451250.0,2.0745,1.757,2.392,96.7595,93.894,178.1595238,706.1666667,1.9665,0.835,0.2405,3.026
2012-02-29,18.4205,228.329,228.034,8.3,3381750.0,2.222,1.9455,2.4985,97.0662,94.104,152.86904760000002,648.1857143,1.9675,0.831,0.278,3.109
2012-03-31,16.16727273,228.807,228.478,8.2,3336800.0,2.314090909,2.045909091,2.582272727,96.5609,94.284,130.5968379,618.7075099,2.172727273,1.017272727,0.344545455,3.281363636
2012-04-30,17.823,229.187,228.905,8.2,3323000.0,2.266666667,1.952380952,2.580952381,97.251,94.408,136.7642857,637.4238095,2.052857143,0.894761905,0.291904762,3.184285714
2012-05-31,21.00181818,228.713,229.224,8.2,3328000.0,2.144545455,1.885,2.404090909,97.4595,94.302,159.3774704,654.1225296,1.803181818,0.761818182,0.285,2.930909091
2012-06-30,21.13095238,228.524,229.623,8.2,3324400.0,2.122857143,1.759047619,2.486666667,97.4768,94.254,178.3982684,698.4935065,1.622380952,0.711428571,0.291904762,2.698095238
2012-07-31,17.5652381,228.59,229.97,8.2,3305750.0,2.128571429,1.767142857,2.49,97.6714,94.288,161.8333333,657.2294372,1.526666667,0.61952381,0.248095238,2.59
2012-08-31,15.68956522,229.918,230.233,8.1,3306250.0,2.263913043,1.906086957,2.62173913,97.2734,94.605,138.7391304,613.5217392000001,1.67826087,0.713913043,0.268695652,2.770869565
2012-09-30,15.28473684,231.015,230.659,7.8,3314400.0,2.436315789,2.139473684,2.733157895,97.2217,94.893,121.44611530000003,585.867168,1.723157895,0.668947368,0.255263158,2.881578947
2012-10-31,16.27619048,231.638,231.024,7.8,3276250.0,2.494761905,2.174285714,2.815238095,97.5311,95.174,104.56277060000001,572.8701298,1.746190476,0.708571429,0.277142857,2.90047619
2012-11-30,16.70190476,231.249,231.33,7.7,3326250.0,2.4265,2.048,2.805,97.9084,95.109,110.50909090000003,594.6363636,1.654,0.665,0.268,2.8035
2012-12-31,17.307,231.221,231.725,7.9,3190200.0,2.4765,2.0955,2.8575,98.1884,95.094,105.65,558.0,1.719,0.696,0.257,2.8835
2013-01-31,13.5052381,231.679,232.229,8.0,3132750.0,2.523333333,2.190952381,2.855714286,98.1736,95.275,87.3419913,517.7489178,1.914761905,0.805238095,0.265238095,3.08047619
2013-02-28,14.07263158,232.937,232.569,7.7,3058750.0,2.554736842,2.233684211,2.875789474,98.6434,95.614,86.52894739999999,524.9684211,1.984210526,0.846315789,0.267368421,3.165263158
2013-03-31,13.0315,232.282,232.794,7.5,3037800.0,2.5425,2.246,2.839,99.047,95.488,86.67857140000001,507.3404762,1.9575,0.8185,0.256,3.1625
2013-04-30,13.96727273,231.797,232.832,7.6,3041500.0,2.411363636,2.090454545,2.732272727,98.9445,95.391,95.40909089999998,501.0454546,1.759090909,0.710454545,0.232272727,2.932727273
2013-05-31,13.49363636,231.893,232.996,7.5,3012250.0,2.283181818,1.981818182,2.584545455,99.0383,95.461,85.0513834,463.5177865999999,1.928181818,0.840909091,0.250454545,3.112727273
2013-06-30,17.2715,232.445,233.35,7.5,2992800.0,2.0485,1.793,2.304,99.2221,95.673,93.95238100000003,528.9833333,2.3,1.2035,0.3335,3.4
2013-07-31,13.97454545,232.9,233.88,7.3,3020250.0,2.122272727,1.857727273,2.386818182,98.8987,95.792,80.51185770000001,504.4644269,2.582272727,1.403181818,0.340909091,3.605
2013-08-31,14.21,233.456,234.336,7.2,2934400.0,2.184545455,1.853181818,2.515909091,99.4897,95.934,69.46320349999996,496.19264069999997,2.737272727,1.520454545,0.356363636,3.757727273
2013-09-30,14.692,233.544,234.7,7.2,2895750.0,2.1455,1.7675,2.5235,100.021,95.976,68.2404762,484.92380949999995,2.8095,1.596,0.404,3.787
2013-10-31,15.40782609,233.669,234.921,7.2,2928500.0,2.187272727,1.777272727,2.597272727,99.9037,96.103,67.80039520000001,479.97035569999997,2.615909091,1.366818182,0.335454545,3.675909091
2013-11-30,12.924,234.1,235.359,6.9,2851200.0,2.170526316,1.753157895,2.587894737,100.1582,96.246,55.5215311,458.8947367999999,2.718421053,1.371052632,0.303684211,3.8
2013-12-31,14.19238095,234.719,235.759,6.7,2858500.0,2.163333333,1.66952381,2.657142857,100.374,96.414,40.4761905,430.71428570000006,2.901904762,1.576190476,0.34,3.889047619
2014-01-31,14.24095238,235.288,235.961,6.6,2876750.0,2.226190476,1.738095238,2.714285714,99.9899,96.614,36.872294399999994,414.6515151,2.858095238,1.646666667,0.393809524,3.769047619
2014-02-28,15.47,235.547,236.185,6.7,2848750.0,2.157368421,1.774210526,2.540526316,100.7471,96.66,43.00263159999997,421.52105259999996,2.709473684,1.515789474,0.326842105,3.662631579
2014-03-31,14.83666667,236.028,236.625,6.7,2779200.0,2.167619048,1.777142857,2.558095238,101.7435,96.815,42.71428570000002,395.9047619,2.723333333,1.63952381,0.399047619,3.620952381
2014-04-30,14.19809524,236.468,237.072,6.2,2721000.0,2.162380952,1.808571429,2.516190476,101.8273,96.987,41.047619100000034,382.6666667,2.705238095,1.700952381,0.417142857,3.517619048
2014-05-31,12.4752381,236.918,237.529,6.3,2667400.0,2.190952381,1.935714286,2.446190476,102.2392,97.147,42.573498999999956,386.0621118,2.559047619,1.592857143,0.389047619,3.39
2014-06-30,11.54142857,237.231,237.837,6.1,2588750.0,2.229047619,1.97047619,2.487619048,102.5774,97.253,41.142857099999965,358.09523809999996,2.598571429,1.679047619,0.452380952,3.42
2014-07-31,12.29636364,237.498,238.195,6.2,2533500.0,2.262727273,1.970909091,2.554545455,102.7954,97.391,46.4683795,375.2193675,2.542272727,1.699545455,0.506363636,3.331818182
2014-08-31,13.49190476,237.46,238.405,6.1,2504800.0,2.196190476,1.841428571,2.550952381,102.6322,97.379,55.40909090000001,406.67532470000003,2.42,1.631428571,0.472380952,3.200952381
2014-09-30,13.46666667,237.477,238.786,5.9,2447750.0,2.073333333,1.676666667,2.47,102.9417,97.413,54.61688309999997,412.2554112,2.534285714,1.773809524,0.566666667,3.26
2014-10-31,18.05869565,237.43,239.191,5.7,2423250.0,1.92,1.481363636,2.358636364,102.9611,97.384,70.50395259999998,460.23517789999994,2.304090909,1.545909091,0.445454545,3.04
2014-11-30,13.41315789,236.983,239.458,5.8,2408800.0,1.88,1.477777778,2.282222222,103.5978,97.291,78.92063490000001,451.4682539,2.325555556,1.620555556,0.527222222,3.038333333
2014-12-31,16.29227273,236.252,239.584,5.6,2380000.0,1.696818182,1.274545455,2.119090909,103.6151,97.12,98.72727280000002,510.50000000000006,2.207272727,1.64,0.635454545,2.833181818
2015-01-31,19.1195,234.747,239.811,5.7,2349800.0,1.607,1.2085,2.0055,102.7923,96.654,112.99285710000002,532.2166666999999,1.8815,1.3745,0.5515,2.455
2015-02-28,15.90421053,235.342,240.172,5.5,2340250.0,1.715263158,1.362105263,2.068421053,102.1366,96.825,107.14035090000003,474.9749373,1.975263158,1.472631579,0.618947368,2.566315789
2015-03-31,14.81272727,235.976,240.755,5.4,2326500.0,1.761818182,1.477272727,2.046363636,101.7869,97.008,97.59090909999996,470.6363636,2.042727273,1.519090909,0.640454545,2.626363636
2015-04-30,13.4947619,236.222,241.346,5.4,2281500.0,1.858181818,1.617727273,2.098636364,101.2255,97.094,96.1190476,469.83116879999994,1.935,1.354545455,0.54,2.585909091
2015-05-31,13.3385,237.001,241.688,5.6,2260400.0,1.8655,1.6395,2.0915,100.7675,97.327,90.10714290000004,459.0071429,2.1975,1.5385,0.609,2.955
2015-06-30,14.33954545,237.657,242.064,5.3,2273750.0,1.865909091,1.632727273,2.099090909,100.4588,97.516,94.18181809999999,473.04545449999995,2.363636364,1.683636364,0.688636364,3.111818182
2015-07-31,14.35272727,238.034,242.565,5.2,2244750.0,1.820909091,1.495454545,2.146363636,101.0893,97.605,101.7628458,518.6857708,2.324545455,1.632272727,0.667727273,3.066363636
2015-08-31,19.42809524,238.033,242.817,5.1,2254000.0,1.611428571,1.22952381,1.993333333,100.9165,97.612,122.47619049999999,574.2380952999999,2.167142857,1.541428571,0.697619048,2.855714286
2015-09-30,24.37714286,237.498,243.316,5.0,2243000.0,1.522857143,1.155238095,1.89047619,100.633,97.477,125.80519480000004,596.0909091,2.172857143,1.49,0.713333333,2.952857143
2015-10-31,16.78954545,237.733,243.768,5.0,2207600.0,1.498571429,1.174285714,1.822857143,100.1563,97.477,130.00000000000003,629.0807453,2.07,1.385714286,0.644761905,2.888095238
2015-11-30,16.21,238.017,244.241,5.1,2208500.0,1.570526316,1.266315789,1.874736842,99.4366,97.538,124.39849619999998,618.5614035,2.263157895,1.671052632,0.884736842,3.03
2015-12-31,18.02545455,237.761,244.547,5.0,2203750.0,1.515,1.238636364,1.791363636,98.9471,97.456,135.5,693.3181817999999,2.242727273,1.698636364,0.982727273,2.97
2016-01-31,23.71789474,237.652,244.955,4.8,2207600.0,1.42,1.190526316,1.649473684,99.4391,97.496,153.42606519999998,768.1102757000001,2.085263158,1.518421053,0.899473684,2.858421053
2016-02-29,22.517,237.336,245.51,4.9,2200500.0,1.3075,1.0835,1.5315,98.9232,97.445,184.14523809999997,831.1809524000001,1.7795,1.222,0.7335,2.623
2016-03-31,15.84909091,238.08,245.913,5.0,2167250.0,1.551818182,1.409090909,1.694545455,98.1635,97.673,155.27272729999999,706.7272726999998,1.889090909,1.375909091,0.875,2.684545455
2016-04-30,14.30047619,238.992,246.551,5.1,2149000.0,1.614761905,1.481904762,1.747619048,98.4775,97.993,133.20346320000002,670.2813853,1.805238095,1.258095238,0.768095238,2.623333333
2016-05-31,14.85285714,239.557,247.137,4.8,2169750.0,1.594285714,1.52047619,1.668095238,98.2549,98.153,129.24458879999997,633.4978355000001,1.806190476,1.30047619,0.816190476,2.627619048
2016-06-30,17.77454545,240.222,247.54,4.9,2156750.0,1.47,1.435909091,1.504090909,98.7315,98.325,134.59090910000003,617.9545455,1.644090909,1.166363636,0.731363636,2.452272727
2016-07-31,13.1585,240.101,247.829,4.8,2134600.0,1.4655,1.3885,1.5425,98.8452,98.342,131.1909091,574.0772727,1.504,1.0715,0.6725,2.227
2016-08-31,12.39956522,240.545,248.423,4.9,2145000.0,1.46826087,1.303478261,1.633043478,98.7427,98.479,123.86956520000001,539.2173912999999,1.556521739,1.133043478,0.737391304,2.26173913
2016-09-30,14.21952381,241.176,248.842,5.0,2109500.0,1.514761905,1.34952381,1.68,98.6552,98.666,120.95238099999999,524.7813853,1.63047619,1.178095238,0.770952381,2.35047619
2016-10-31,14.5852381,241.741,249.142,4.9,2072600.0,1.667,1.5325,1.8015,98.7237,98.868,114.9309524,485.2761904999999,1.7645,1.272,0.843,2.5005
2016-11-30,15.23619048,242.026,249.481,4.7,2044750.0,1.822,1.6615,1.9825,98.3443,98.901,106.7090909,499.03636359999996,2.142,1.596,0.9795,2.862
2016-12-31,12.47238095,242.637,249.92,4.7,2048400.0,1.935714286,1.810952381,2.06047619,99.0406,99.071,94.5367965,432.5497836,2.491904762,1.959047619,1.196666667,3.113333333
2017-01-31,11.6085,243.618,250.467,4.7,2081000.0,2.0115,1.8855,2.1375,98.8158,99.451,92.41666669999998,404.5880952,2.4325,1.9165,1.2065,3.019
2017-02-28,11.53052632,244.006,250.998,4.6,2059750.0,2.018947368,1.886842105,2.151052632,98.4356,99.586,90.85526320000001,389.1421053,2.418947368,1.901578947,1.201052632,3.032105263
2017-03-31,11.89782609,243.892,250.944,4.4,2017500.0,1.996086957,1.836521739,2.155652174,99.0492,99.535,90.652174,392.5217391,2.48173913,2.013478261,1.313043478,3.081304348
2017-04-30,13.13631579,244.193,251.227,4.4,1955400.0,1.906315789,1.748421053,2.064210526,100.0416,99.725,96.71315790000001,396.32894739999995,2.297368421,1.824210526,1.241052632,2.941578947
2017-05-31,10.86227273,244.004,251.43,4.4,1896250.0,1.836818182,1.746363636,1.927272727,100.128,99.682,93.85375489999998,380.2312253,2.303636364,1.836818182,1.301818182,2.959090909
2017-06-30,10.51363636,244.163,251.746,4.3,1916750.0,1.728636364,1.632727273,1.824545455,100.337,99.766,97.45454539999999,380.68181819999995,2.186818182,1.774090909,1.342272727,2.796363636
2017-07-31,10.2645,244.243,251.985,4.3,1927200.0,1.772,1.6415,1.9025,100.0865,99.803,86.20000000000002,374.8,2.318,1.872,1.3725,2.884
2017-08-31,11.97565217,245.183,252.535,4.4,1923500.0,1.775652174,1.614782609,1.936521739,99.6323,100.027,90.69565219999998,388.60869570000006,2.209130435,1.776521739,1.335217391,2.795217391
2017-09-30,10.438,246.435,252.812,4.3,1892800.0,1.834,1.682,1.986,99.7482,100.4,92.75454550000002,377.1136363999999,2.202,1.7975,1.3845,2.7765
2017-10-31,10.12545455,246.626,253.526,4.2,1902750.0,1.861904762,1.731428571,1.992380952,100.9893,100.531,81.27272730000001,352.45021640000004,2.36,1.980952381,1.54952381,2.878095238
2017-11-30,10.54047619,247.284,253.816,4.2,1963500.0,1.857619048,1.752857143,1.962380952,101.2493,100.675,88.16666669999998,370.4545455,2.353333333,2.05,1.696666667,2.801904762
2017-12-31,10.2645,247.805,254.344,4.1,1971000.0,1.8995,1.766,2.033,101.4871,100.821,87.51190480000002,360.84761899999995,2.4025,2.182,1.844,2.768
2018-01-31,11.06238095,248.859,255.204,4.0,1979500.0,2.043809524,1.936666667,2.150952381,101.4852,101.199,79.80086580000001,333.991342,2.583809524,2.381904762,2.031904762,2.877619048
2018-02-28,22.46473684,249.529,255.711,4.1,1974250.0,2.101578947,1.965263158,2.237894737,101.7319,101.416,78.60526320000001,355.0026316,2.858947368,2.599473684,2.175263158,3.131052632
2018-03-31,19.02380952,249.577,256.271,4.0,1945400.0,2.09047619,2.021428571,2.15952381,102.1943,101.524,94.71645029999998,364.18398260000004,2.842380952,2.62952381,2.275714286,3.091428571
2018-04-30,18.26761905,250.227,256.63,4.0,1877500.0,2.127619048,2.04952381,2.205714286,103.3551,101.766,100.0,346.8095238,2.869047619,2.701904762,2.384285714,3.071904762
2018-05-31,14.12454545,250.792,257.145,3.8,1755500.0,2.141818182,2.101818182,2.181818182,102.381,101.941,102.70553360000001,346.18774699999994,2.977727273,2.816818182,2.511818182,3.131818182
2018-06-30,13.67809524,251.018,257.399,4.0,1679400.0,2.117619048,2.067619048,2.167619048,103.2256,102.029,113.62554120000001,344.56493500000005,2.912380952,2.775714286,2.533333333,3.05
2018-07-31,13.14761905,251.214,257.699,3.8,1654000.0,2.114285714,2.042380952,2.186190476,103.3561,102.137,115.0497836,358.78354970000004,2.889047619,2.777619048,2.606666667,3.006666667
2018-08-31,12.54695652,251.663,257.891,3.8,1614000.0,2.099130435,1.982608696,2.215652174,104.0585,102.208,110.26086949999998,346.173913,2.889130435,2.767826087,2.635652174,3.04173913
2018-09-30,12.91052632,252.182,258.368,3.7,1551000.0,2.123157895,2.008421053,2.237894737,104.1038,102.418,108.29323309999998,333.8696741,3.004210526,2.893684211,2.767894737,3.151052632
2018-10-31,19.35217391,252.772,258.917,3.8,1592750.0,2.111363636,1.987272727,2.235454545,103.9297,102.595,108.46837949999997,352.9545455,3.152272727,3.000454545,2.860909091,3.339545455
2018-11-30,19.38904762,252.594,259.439,3.8,1685000.0,2.004,1.8445,2.1635,104.0126,102.63,124.84545450000005,404.4363636,3.117,2.947,2.859,3.361
2018-12-31,24.95315789,252.767,260.063,3.9,1749600.0,1.816315789,1.601578947,2.031052632,104.0451,102.701,148.88684210000002,481.59210529999996,2.832631579,2.681578947,2.676315789,3.095789474
2019-01-31,19.57238095,252.561,260.766,4.0,1779500.0,1.793809524,1.628095238,1.95952381,103.3598,102.648,146.61904759999996,461.69913420000006,2.713809524,2.536190476,2.543333333,3.035238095
2019-02-28,15.23473684,253.319,261.186,3.8,1801500.0,1.876842105,1.757368421,1.996315789,102.8251,102.836,129.2684211,417.6105263,2.676315789,2.487894737,2.504210526,3.023684211
2019-03-31,14.4852381,254.277,261.567,3.8,1780200.0,1.912857143,1.816190476,2.00952381,102.8361,103.069,124.58658009999999,407.6233766,2.570952381,2.372857143,2.40952381,2.977619048
2019-04-30,12.94904762,255.233,261.997,3.7,1666500.0,1.936666667,1.838571429,2.034761905,102.2748,103.36,117.1904762,383.9047619,2.532380952,2.333333333,2.344761905,2.94047619
2019-05-31,16.72181818,255.296,262.217,3.6,1628000.0,1.826363636,1.708181818,1.944545455,102.4176,103.435,122.23913039999998,412.7490118,2.395,2.187727273,2.206363636,2.817727273
2019-06-30,15.836,255.213,262.739,3.6,1631000.0,1.7,1.549,1.851,102.5425,103.484,127.12380950000002,428.8333333,2.074,1.825,1.814,2.5745
2019-07-31,13.30590909,255.802,263.28,3.7,1631000.0,1.752727273,1.579545455,1.925909091,102.0057,103.622,116.69960480000002,406.3992095,2.059090909,1.828181818,1.835,2.572727273
2019-08-31,18.97909091,256.036,263.877,3.6,1619600.0,1.586363636,1.380454545,1.792272727,102.7814,103.67,132.36363640000002,436.79644270000006,1.626363636,1.486818182,1.571363636,2.119090909
2019-09-30,15.559,256.43,264.388,3.5,1581000.0,1.587,1.3935,1.7805,102.4601,103.733,128.097619,400.4047619,1.6995,1.565,1.648,2.158
2019-10-31,15.46652174,257.155,264.97,3.6,1618500.0,1.560909091,1.402272727,1.719545455,101.5878,103.917,123.18774699999999,416.80434779999996,1.706818182,1.525,1.551363636,2.190454545
2019-11-30,12.5235,257.879,265.548,3.6,1685200.0,1.640526316,1.548421053,1.732631579,102.1494,104.024,114.55137850000001,410.00501259999993,1.812105263,1.639473684,1.612631579,2.280526316
2019-12-31,13.75666667,258.63,266.02,3.6,1769500.0,1.718095238,1.621428571,1.814761905,101.9421,104.307,105.23809519999998,376.6666667,1.862857143,1.682380952,1.613333333,2.297619048
2020-01-31,13.94095238,259.127,266.716,3.6,1800250.0,1.720952381,1.652380952,1.78952381,101.3372,104.49,102.51082249999999,365.17099570000005,1.757619048,1.562380952,1.519047619,2.216190476
2020-02-29,19.62894737,259.25,267.37,3.5,1770200.0,1.615789474,1.581052632,1.650526316,101.6718,104.573,109.91228070000001,396.77443600000004,1.504210526,1.323684211,1.331052632,1.970526316
2020-03-31,57.73681818,258.076,267.054,4.4,3709750.0,0.986818182,0.674545455,1.299090909,97.606,104.271,254.63636359999998,793.2272727,0.87,0.591818182,0.448181818,1.455
2020-04-30,41.45380952,256.032,265.746,14.8,17032000.0,1.103333333,0.758571429,1.448095238,84.6812,103.838,250.71428570000003,818.1904762,0.657619048,0.388095238,0.224761905,1.265238095
2020-05-31,30.897,255.802,265.412,13.2,20326400.0,1.1155,0.765,1.466,86.0108,103.942,202.69090910000003,735.3227273,0.674,0.3395,0.1705,1.378
2020-06-30,31.11954545,257.042,265.849,11.0,17678500.0,1.273181818,1.014090909,1.532272727,91.6745,104.27,157.72727270000001,614.5,0.728636364,0.344545455,0.185,1.493636364
2020-07-31,26.84045455,258.352,267.389,10.2,16563000.0,1.456363636,1.313181818,1.599545455,95.0037,104.578,142.02766789999998,577.6146245,0.623636364,0.278636364,0.148181818,1.310454545
2020-08-31,22.88952381,259.316,268.422,8.4,14013400.0,1.661428571,1.55047619,1.772380952,95.9294,104.87,130.3333333,520.8571428,0.65,0.266666667,0.13952381,1.358095238
2020-09-30,27.64761905,259.997,268.933,7.8,11824250.0,1.656190476,1.532380952,1.78,95.8914,105.057,130.72943719999998,534.9112554000001,0.67952381,0.26952381,0.134761905,1.422857143
2020-10-31,29.43863636,260.319,269.306,6.9,7871400.0,1.703809524,1.560952381,1.846666667,96.5256,105.151,124.41614909999998,514.2111801000001,0.787142857,0.335714286,0.14952381,1.568571429
2020-11-30,24.9955,260.911,269.981,6.7,5948250.0,1.712105263,1.625263158,1.798947368,96.9529,105.258,107.61904759999999,462.16290730000003,0.87,0.387894737,0.165789474,1.615263158
2020-12-31,22.37409091,262.045,270.341,6.7,5384500.0,1.915909091,1.865454545,1.966363636,98.2039,105.699,90.99999999999999,415.18181819999995,0.933636364,0.385909091,0.135909091,1.670454545
2021-01-31,24.91,262.639,270.416,6.4,4944600.0,2.081578947,2.103157895,2.06,98.8135,106.147,78.8947368,389.9022556,1.081052632,0.445263158,0.131052632,1.824736842
2021-02-28,23.14052632,263.573,270.776,6.2,4431750.0,2.18,2.311578947,2.048421053,95.5072,106.5,69.924812,365.4987469,1.257894737,0.542631579,0.115263158,2.042631579
2021-03-31,21.84304348,264.847,271.453,6.1,3975250.0,2.275217391,2.496956522,2.053478261,98.1929,107.054,62.78260870000001,366.0,1.610869565,0.823043478,0.146956522,2.339130435
2021-04-30,17.41619048,266.625,273.626,6.1,3788000.0,2.349545455,2.529545455,2.169545455,98.3317,107.618,55.40476190000001,337.24675320000006,1.635,0.861818182,0.163181818,2.299545455
2021-05-31,19.7605,268.404,275.457,5.8,3621600.0,2.468,2.6495,2.2865,99.1867,108.175,53.80476189999999,346.7642857,1.621,0.8195,0.155,2.316
2021-06-30,16.95681818,270.71,277.608,5.9,3299250.0,2.342727273,2.464545455,2.220909091,99.6483,108.76,57.045454600000014,327.86363629999994,1.519090909,0.838636364,0.202727273,2.163636364
2021-07-31,17.60333333,271.965,278.639,5.4,3010800.0,2.327619048,2.496666667,2.158571429,100.0668,109.256,67.14285710000001,325.9192547,1.318571429,0.764285714,0.21952381,1.942857143
2021-08-31,17.47272727,272.752,279.021,5.1,2786250.0,2.348636364,2.493636364,2.203636364,100.0412,109.674,71.63636369999999,338.8636364,1.283181818,0.772272727,0.217272727,1.916363636
2021-09-30,19.8247619,273.942,279.727,4.7,2723000.0,2.344285714,2.496666667,2.191904762,98.9955,110.034,64.84199129999999,317.25541119999997,1.374761905,0.863809524,0.240952381,1.935714286
2021-10-31,17.87142857,276.528,281.649,4.5,2360000.0,2.535,2.745,2.325,100.3542,110.762,61.886363599999996,318.12727270000005,1.5825,1.106,0.3925,2.0595
2021-11-30,18.50047619,278.824,283.411,4.2,1923500.0,2.616,2.9825,2.2495,101.2684,111.5,70.6409091,323.38636360000004,1.5595,1.2025,0.508,1.9355
2021-12-31,21.35454545,280.806,285.221,3.9,1716500.0,2.458181818,2.749090909,2.167272727,101.1948,112.191,86.54545449999998,325.59090899999995,1.465,1.229545455,0.68,1.847727273
2022-01-31,23.181,282.542,286.799,4.0,1701200.0,2.4495,2.797,2.102,101.2146,112.805,84.83809520000001,320.15000000000003,1.764,1.5385,0.9805,2.0995
2022-02-28,25.74842105,284.525,288.256,3.8,1631250.0,2.457894737,2.870526316,2.045263158,101.8458,113.471,108.92894739999998,362.0421053,1.934210526,1.811578947,1.435263158,2.246315789
2022-03-31,26.96869565,287.467,289.044,3.7,1541250.0,2.846521739,3.410869565,2.282173913,102.6732,114.469,137.8695652,375.6521739,2.127826087,2.109130435,1.909565217,2.406521739
2022-04-30,24.3735,288.582,290.474,3.7,1429400.0,2.884,3.3155,2.4525,102.9024,114.812,124.9166667,358.53571430000005,2.7475,2.7775,2.538,2.812
2022-05-31,29.31363636,291.299,292.039,3.6,1366250.0,2.688571429,3.027142857,2.35,102.9659,115.525,141.7813853,444.07142860000005,2.898095238,2.874285714,2.616666667,3.065714286
2022-06-30,28.23318182,295.072,294.009,3.6,1368250.0,2.617619048,2.893333333,2.341904762,102.8224,116.638,149.62121220000003,484.0,3.143333333,3.19,2.998095238,3.245714286
2022-07-31,24.9952381,294.94,295.08,3.5,1395000.0,2.362,2.5835,2.1405,103.0505,116.631,169.67272730000005,529.7863636000001,2.896,2.9635,3.036,3.1025
2022-08-31,22.16956522,295.162,296.582,3.6,1419000.0,2.50826087,2.683913043,2.332608696,103.1703,116.956,166.91304350000001,455.9565218,2.897826087,3.027391304,3.25,3.129565217
2022-09-30,27.34181818,296.421,298.281,3.5,1394500.0,2.382380952,2.45047619,2.314285714,103.5326,117.371,169.95887449999998,498.60606059999986,3.519047619,3.696666667,3.856666667,3.558095238
2022-10-31,30.00571429,297.979,299.381,3.6,1413000.0,2.3935,2.4705,2.3165,103.4442,117.919,189.45952380000003,501.7238095000001,3.9835,4.178,4.375,4.04
2022-11-30,23.29909091,298.708,300.316,3.6,1459750.0,2.371,2.4445,2.2975,103.1058,118.224,179.03636360000004,473.9954545,3.891,4.0555,4.5035,3.999
2022-12-31,21.78428571,298.808,301.433,3.5,1565600.0,2.25952381,2.316666667,2.202380952,101.8266,118.384,168.15367969999997,469.38961040000004,3.616190476,3.764285714,4.288571429,3.659047619
2023-01-31,20.16904762,300.456,302.685,3.5,1602500.0,2.237,2.234,2.24,102.7476,119.018,160.46904760000004,445.5095238000001,3.5315,3.643,4.2075,3.6645
2023-02-28,20.1205,301.476,304.097,3.6,1643750.0,2.333684211,2.446842105,2.220526316,102.8003,119.369,156.46578949999997,430.7894737,3.746842105,3.942105263,4.533684211,3.802105263
2023-03-31,21.64434783,301.643,305.123,3.5,1680750.0,2.302173913,2.377826087,2.226521739,102.8143,119.538,177.0,482.0434782,3.663043478,3.823478261,4.302608696,3.770869565
2023-04-30,17.81789474,302.858,306.49,3.4,1713600.0,2.2665,2.308,2.225,103.2241,119.951,171.25000000000003,470.79999999999995,3.46,3.537,4.016,3.6845
2023-05-31,17.63608696,303.316,307.623,3.6,1724250.0,2.213636364,2.155454545,2.271818182,102.9809,120.15,177.33201580000002,488.5158103,3.573636364,3.591363636,4.131818182,3.855454545
2023-06-30,14.00318182,304.099,308.291,3.6,1763250.0,2.20047619,2.13952381,2.261428571,102.3809,120.469,175.64502169999997,446.9567098999999,3.748095238,3.94952381,4.63952381,3.867619048
2023-07-31,13.93238095,304.615,308.959,3.5,1780400.0,2.2965,2.2075,2.3855,103.0722,120.607,165.19285709999997,410.5166667,3.8995,4.1415,4.8285,3.959
2023-08-31,15.85391304,306.138,309.646,3.7,1808750.0,2.335217391,2.239565217,2.430869565,103.0951,120.97,155.65217389999998,406.04347830000006,4.167826087,4.306521739,4.90173913,4.28
2023-09-30,15.17333333,307.374,310.616,3.8,1800200.0,2.342,2.2535,2.4305,103.3081,121.419,151.41818180000007,404.3909091,4.379,4.487,5.022,4.473
2023-10-31,18.88772727,307.653,311.433,3.9,1812750.0,2.386190476,2.31,2.462380952,102.5781,121.484,147.50865800000003,446.21645029999996,4.798095238,4.772380952,5.067619048,4.946666667
2023-11-30,14.01909091,308.087,312.373,3.7,1803750.0,2.304285714,2.247142857,2.361428571,102.8868,121.493,142.62337660000003,412.97186150000005,4.502857143,4.486190476,4.882380952,4.66
2023-12-31,12.7185,308.735,313.23,3.8,1796000.0,2.1845,2.1275,2.2415,102.6309,121.66,129.85714290000007,371.26428569999996,4.02,4.0045,4.457,4.1445
2024-01-31,13.38863636,309.794,314.389,3.7,1775250.0,2.266190476,2.224761905,2.307619048,101.483,122.23,119.46320349999996,365.30086579999994,4.058095238,3.983809524,4.322857143,4.258095238
2024-02-29,13.98047619,311.022,315.555,3.9,1791250.0,2.2825,2.317,2.248,102.7267,122.598,118.25000000000001,346.81904760000003,4.2075,4.188,4.544,4.377
2024-03-31,13.7875,312.107,316.762,3.9,1795800.0,2.3115,2.381,2.242,102.5186,123.038,116.19761899999999,330.99523810000005,4.2085,4.201,4.588,4.36
2024-04-30,16.13772727,313.016,317.596,3.9,1781500.0,2.394090909,2.451363636,2.336818182,102.3568,123.341,109.68181820000007,331.36363630000005,4.539090909,4.556818182,4.873181818,4.659090909
2024-05-31,13.05869565,313.14,318.053,4.0,1797750.0,2.334090909,2.333181818,2.335,102.9797,123.348,107.33794470000007,320.87351779999995,4.482272727,4.499090909,4.856363636,4.62
2024-06-30,12.667,313.131,318.343,4.1,1844200.0,2.255263158,2.214210526,2.296315789,103.2534,123.539,113.71177939999998,329.83959899999996,4.305263158,4.316842105,4.736842105,4.444736842
2024-07-31,14.37391304,313.566,318.933,4.2,1867250.0,2.274545455,2.184545455,2.364545455,102.5192,123.736,108.87549399999995,326.687747,4.248636364,4.161818182,4.495909091,4.461363636
2024-08-31,19.31227273,314.131,319.839,4.2,1856000.0,2.11,1.973181818,2.246818182,103.0196,123.889,112.86561259999996,346.77272729999993,3.870909091,3.712272727,3.965454545,4.153636364
2024-09-30,17.66333333,314.851,320.835,4.1,1835250.0,2.1075,1.967,2.248,102.5954,124.164,103.12619049999996,335.29999999999995,3.7235,3.497,3.6225,4.0445
2024-10-31,19.96086957,315.564,321.688,4.1,1872000.0,2.285909091,2.231363636,2.340454545,102.2138,124.494,89.10671939999997,296.4762846,4.095454545,3.910454545,3.972272727,4.375454545
2024-11-30,16.0152381,316.449,322.619,4.2,1880000.0,2.321052632,2.387894737,2.254210526,101.9503,124.637,82.4665071,273.930622,4.355789474,4.228421053,4.257368421,4.536842105
2024-12-31,15.86619048,317.603,323.296,4.1,1860750.0,2.303333333,2.363809524,2.242857143,103.0447,124.979,80.3071429,276.71428579999997,4.391428571,4.251428571,4.225714286,4.58047619
2025-01-31,16.76363636,319.086,324.739,4.0,1865250.0,2.40047619,2.49047619,2.31047619,102.8805,125.417,74.82251080000006,269.0043289999999,4.629047619,4.429047619,4.271904762,4.853809524
2025-02-28,16.968,319.775,325.475,4.1,1859750.0,2.424210526,2.607368421,2.241052632,103.8705,125.921,79.54473680000005,268.44736839999996,4.451052632,4.280526316,4.21,4.680526316
2025-03-31,21.84142857,319.615,325.659,4.2,1863200.0,2.334285714,2.532380952,2.136190476,103.5408,125.941,88.80952390000002,319.23809530000005,4.28047619,4.043333333,3.97,4.598095238
2025-04-30,31.96619048,320.321,326.43,4.2,1872750.0,2.240952381,2.348095238,2.133809524,103.6224,126.15,102.71428570000003,404.5714285999999,4.279047619,3.913333333,3.777619048,4.710952381
2025-05-31,20.46227273,320.58,326.854,4.2,1906000.0,2.313333333,2.383809524,2.242857143,103.657,126.38,87.31469980000001,337.2318841,4.423809524,4.023333333,3.92,4.904761905
2025-06-30,18.40333333,321.5,327.6,4.1,1952750.0,2.297,2.3255,2.2685,104.2115,126.743,79.36428570000001,315.0333333,4.3835,3.963,3.889,4.891
2025-07-31,16.38130435,322.132,328.656,4.2,1950250.0,2.383636364,2.442727273,2.324545455,103.8194,126.949,70.12252960000005,291.0494071,4.391818182,3.948636364,3.882272727,4.921818182
2025-08-31,15.75,323.364,329.793,4.3,1942600.0,2.381904762,2.438571429,2.325238095,103.9203,127.285,67.38744589999995,291.01731600000005,4.264761905,3.786190476,3.703809524,4.868571429
2025-09-30,15.78909091,324.368,330.542,4.3,1927000.0,2.371428571,2.425714286,2.317142857,103.9203,127.285,67.67965370000005,282.0346321,4.12047619,3.662380952,3.568571429,4.742857143
2025-10-31,18.08652174,324.368,330.542,,1927000.0,2.305,2.358181818,2.251818182,,,68.2964427,291.875494,4.061818182,3.648636364,3.521363636,4.636818182
2025-11-30,18.39333333,,,,,2.291666667,2.381666667,2.201666667,,,72.40000000000002,311.99999999999994,4.124,3.706,3.586,4.698
