FRED_ID,BAMLC0A0CMEY,BAMLH0A0HYM2EY,BAMLC0A0CM,BAMLH0A0HYM2,VIXCLS,DGS10,DGS5,DGS2,DGS30,CPIAUCSL,CPILFESL,UNRATE,CCSA,T10YIE,T5YIE,T5YIFR,INDPRO,PCEPI
Description,"ICE BofA US Corporate Index Effective Yield (IG, %) [Daily]","ICE BofA US High Yield Index Effective Yield (HY, %) [Daily]",ICE BofA US Corporate Index OAS (bp) [Daily],ICE BofA US High Yield Index OAS (bp) [Daily],CBOE VIX [Daily],UST 10Y CMT (%) [Daily],UST 5Y CMT (%) [Daily],UST 2Y CMT (%) [Daily],UST 30Y CMT (%) [Daily],"CPI All Items (SA, 1982-84=100) [Monthly]",Core CPI ex Food & Energy (SA) [Monthly],"Unemployment Rate (SA, %) [Monthly]","Continued Claims (SA, weekly, persons) [Weekly]",10-Year Breakeven Inflation Rate,5-Year Breakeven Inflation Rate,"5-Year, 5-Year Forward Inflation Expectation Rate",Industrial Production,Personal Consumption Expenditure
Date,,,,,,,,,,,,,,,,,,
1999-12-31,7.7,11.34,1.16,4.76,24.64,6.45,6.36,6.24,6.48,,,,,,,,,
2000-01-31,7.850952380952381,11.513333333333334,1.1823809523809523,4.784285714285714,23.202,6.661,6.5795,6.44,6.6255,169.3,179.3,4.0,2109800.0,,,,91.4092,72.961
2000-02-29,7.822857142857143,11.605714285714285,1.210952380952381,4.902380952380953,23.5955,6.519499999999999,6.678,6.6105,6.232,170.0,179.4,4.1,2147500.0,,,,91.7245,73.191
2000-03-31,7.810869565217391,11.890434782608697,1.3456521739130436,5.368695652173913,22.718260869565217,6.256521739130435,6.503913043478261,6.528260869565218,6.053478260869565,171.0,180.0,4.0,2079000.0,,,,92.083,73.505
2000-04-30,7.812,12.1325,1.5450000000000002,5.846500000000001,27.164210526315788,5.990526315789474,6.262631578947368,6.403684210526316,5.846315789473684,170.9,180.3,3.8,2015400.0,,,,92.6659,73.444
2000-05-31,8.32,12.58608695652174,1.6708695652173913,5.897826086956522,26.37318181818182,6.440454545454545,6.6877272727272725,6.809545454545455,6.148636363636364,171.2,180.7,4.0,1989500.0,,,,92.9347,73.505
2000-06-30,8.049545454545454,12.477727272727272,1.7118181818181817,6.135909090909092,21.54,6.097272727272728,6.300909090909091,6.4818181818181815,5.926363636363636,172.2,181.1,4.0,2028250.0,,,,93.0018,73.754
2000-07-31,7.933809523809523,12.370476190476191,1.6880952380952379,6.123333333333333,19.893,6.054,6.179,6.339,5.851,172.7,181.5,4.0,2085600.0,,,,92.8373,73.939
2000-08-31,7.785652173913043,12.443478260869565,1.6956521739130435,6.361304347826087,18.088695652173914,5.826086956521739,6.060869565217391,6.228695652173912,5.716086956521739,172.7,181.9,4.1,2117250.0,,,,92.591,73.934
2000-09-30,7.711363636363637,12.440454545454545,1.695909090909091,6.453636363636363,19.6875,5.799,5.9345,6.0815,5.8265,173.6,182.3,3.9,2119600.0,,,,92.9827,74.252
2000-10-31,7.681818181818182,13.165454545454544,1.7659090909090909,7.292272727272728,25.2,5.738571428571428,5.782857142857143,5.9123809523809525,5.803333333333334,173.9,182.6,3.9,2116250.0,,,,92.64,74.353
2000-11-30,7.754090909090909,13.900454545454545,1.8949999999999998,8.088181818181818,26.38285714285714,5.717142857142857,5.697619047619048,5.875238095238096,5.775714285714285,174.2,183.1,3.9,2211250.0,,,,92.6604,74.457
2000-12-31,7.421904761904761,14.355238095238095,2.011904761904762,9.013809523809524,26.5305,5.2405,5.168,5.351999999999999,5.4905,174.6,183.3,3.9,2306400.0,,,,92.3457,74.571
2001-01-31,7.1022727272727275,13.556363636363637,1.914090909090909,8.463181818181818,24.918571428571425,5.160952380952381,4.8585714285714285,4.76,5.540952380952381,175.6,183.9,4.2,2395750.0,,,,91.8908,74.932
2001-02-28,6.9094999999999995,12.663,1.7774999999999999,7.6075,23.411578947368422,5.098947368421053,4.886315789473684,4.656842105263158,5.454736842105263,176.0,184.4,4.2,2486500.0,,,,91.2851,75.048
2001-03-31,6.694347826086957,12.744347826086956,1.7808695652173914,7.915217391304348,28.49681818181818,4.885454545454546,4.642727272727273,4.342272727272728,5.339545454545455,176.1,184.7,4.3,2585400.0,,,,91.0585,75.055
2001-04-30,6.795,13.365,1.7965,8.503,28.133999999999997,5.141,4.7635,4.234,5.646,176.4,185.1,4.4,2697250.0,,,,90.7384,75.187
2001-05-31,6.740434782608696,12.778695652173914,1.5817391304347828,7.688695652173913,22.944090909090907,5.391363636363637,4.927727272727273,4.26,5.78,177.3,185.3,4.3,2819250.0,,,,90.2607,75.385
2001-06-30,6.576363636363637,13.025454545454545,1.531818181818182,8.056818181818182,20.94047619047619,5.284285714285714,4.807142857142857,4.08,5.66952380952381,177.7,186.0,4.5,2947400.0,,,,89.7811,75.518
2001-07-31,6.51409090909091,13.172272727272729,1.529090909090909,8.26,22.316190476190474,5.236190476190477,4.761904761904762,4.038571428571428,5.613333333333333,177.4,186.4,4.6,3030750.0,,,,89.2352,75.493
2001-08-31,6.256521739130435,12.712173913043477,1.5121739130434784,8.05304347826087,21.86173913043478,4.971304347826087,4.573913043478261,3.757391304347826,5.483478260869566,177.4,186.7,4.9,3120000.0,,,,89.157,75.484
2001-09-30,6.155555555555555,13.51388888888889,1.7644444444444445,9.242777777777778,35.065333333333335,4.731764705882353,4.11529411764706,3.1188235294117646,5.482941176470588,178.1,187.1,5.0,3262200.0,,,,88.6749,75.227
2001-10-31,5.988260869565217,13.812173913043479,1.8504347826086958,9.796521739130435,32.72130434782609,4.566818181818181,3.9099999999999997,2.725909090909091,5.315454545454545,177.6,187.4,5.3,3527500.0,,,,88.4051,75.492
2001-11-30,6.032272727272727,12.919545454545455,1.829090909090909,8.79409090909091,26.63095238095238,4.6515,3.9725,2.7824999999999998,5.118,177.5,188.1,5.5,3656500.0,,,,87.886,75.441
2001-12-31,6.308,12.854499999999998,1.7015,8.2945,23.72,5.0875,4.3895,3.107,5.4799999999999995,177.4,188.4,5.7,3589400.0,,,,87.8518,75.363
2002-01-31,6.165,12.626818181818182,1.6477272727272727,8.15409090909091,22.252857142857142,5.035714285714286,4.34,3.0280952380952377,5.4452380952380945,177.7,188.7,5.7,3550500.0,,,,88.4634,75.431
2002-02-28,6.279999999999999,12.4565,1.8310000000000002,8.103,22.87578947368421,4.911578947368421,4.298421052631579,3.015263157894737,5.451578947368421,178.0,189.1,5.7,3554250.0,,,,88.4578,75.558
2002-03-31,6.597142857142857,12.147142857142857,1.7142857142857142,7.328571428571429,18.985,5.284000000000001,4.738,3.5575,5.8085,178.5,189.2,5.7,3610800.0,,,,89.1265,75.763
2002-04-30,6.536363636363637,11.84772727272727,1.7504545454545453,7.159090909090909,19.900454545454547,5.210909090909091,4.646818181818182,3.4227272727272724,5.791818181818182,179.3,189.7,5.9,3689250.0,,,,89.5507,76.08
2002-05-31,6.534782608695653,11.578695652173913,1.8665217391304347,7.026521739130434,20.087727272727275,5.164545454545455,4.494545454545454,3.264090909090909,5.757272727272727,179.5,190.0,5.8,3712000.0,,,,89.9348,76.13
2002-06-30,6.1242857142857146,12.233333333333333,1.7133333333333332,7.975714285714286,25.271,4.9265,4.186,2.993,5.677,179.6,190.2,5.8,3635200.0,,,,90.6736,76.225
2002-07-31,6.141304347826087,13.298260869565217,2.048695652173913,9.360434782608696,34.04954545454546,4.653181818181818,3.8072727272727276,2.5568181818181817,5.585,180.0,190.5,5.8,3504250.0,,,,90.6436,76.393
2002-08-31,5.969130434782608,13.303043478260872,2.314782608695652,9.78608695652174,33.74272727272727,4.257272727272727,3.294545454545455,2.1336363636363633,5.27590909090909,180.5,191.1,5.7,3516800.0,,,,90.5505,76.543
2002-09-30,5.644285714285714,13.082857142857144,2.271904761904762,9.84952380952381,37.6475,3.87,2.9379999999999997,2.0044999999999997,4.963,180.8,191.3,5.7,3555000.0,,,,90.6373,76.681
2002-10-31,5.925217391304348,13.855217391304349,2.552608695652174,10.677391304347827,35.24304347826087,3.940909090909091,2.9450000000000003,1.9118181818181819,5.181818181818182,181.2,191.5,5.7,3555750.0,,,,90.3988,76.821
2002-11-30,5.608636363636363,12.874545454545455,2.1677272727272725,9.648181818181818,28.175,4.048421052631579,3.054736842105263,1.923157894736842,5.1821052631578945,181.5,191.9,5.9,3482400.0,,,,90.8947,76.897
2002-12-31,5.339047619047619,12.187619047619048,1.9304761904761905,8.962857142857143,28.21047619047619,4.032380952380952,3.0333333333333337,1.8361904761904764,5.133333333333333,181.8,192.1,6.0,3482750.0,,,,90.3906,76.971
2003-01-31,5.1445454545454545,11.413181818181819,1.7663636363636364,8.182727272727274,27.424285714285713,4.048571428571428,3.052380952380952,1.7433333333333334,5.137619047619047,182.6,192.4,5.8,3414500.0,1.7542857142857144,1.398095238095238,2.1104761904761906,91.1369,77.201
2003-02-28,4.9195,11.5,1.6925000000000001,8.433499999999999,32.21842105263158,3.9026315789473687,2.8978947368421055,1.6278947368421053,5.024736842105263,183.6,192.5,5.9,3437000.0,1.9126315789473682,1.6542105263157894,2.1710526315789473,91.2505,77.526
2003-03-31,4.808095238095238,11.049523809523809,1.648095238095238,8.043809523809523,30.634285714285717,3.8071428571428574,2.783809523809524,1.5738095238095238,5.027142857142858,183.9,192.5,5.9,3540800.0,1.8628571428571428,1.6952380952380952,2.0304761904761905,91.0006,77.725
2003-04-30,4.742380952380953,10.16,1.4704761904761905,7.016190476190476,23.99190476190476,3.958571428571428,2.9285714285714284,1.6223809523809525,5.127142857142857,183.2,192.5,6.0,3629750.0,1.774761904761905,1.5685714285714285,1.980952380952381,90.4311,77.593
2003-05-31,4.228260869565218,9.39,1.318695652173913,6.638695652173913,20.23952380952381,3.5690476190476192,2.5157142857142856,1.4152380952380952,4.7628571428571425,182.9,192.9,6.1,3719200.0,1.6609523809523812,1.3366666666666667,1.985238095238095,90.4,77.504
2003-06-30,3.9695238095238095,8.902857142857144,1.2633333333333334,6.341904761904762,20.362380952380953,3.334285714285714,2.2657142857142856,1.227142857142857,4.618571428571428,183.1,193.0,6.3,3701500.0,1.6123809523809522,1.3585714285714285,1.8661904761904762,90.5196,77.588
2003-07-31,4.384347826086957,8.962608695652174,1.192173913043478,5.85695652173913,19.161363636363635,3.975454545454546,2.872272727272727,1.4740909090909091,5.127727272727273,183.7,193.4,6.2,3616250.0,1.8659090909090907,1.5681818181818181,2.1636363636363636,90.9869,77.816
2003-08-31,4.859090909090909,9.401363636363637,1.2072727272727273,5.821363636363636,19.274285714285714,4.4452380952380945,3.3699999999999997,1.8642857142857143,5.445714285714286,184.5,193.6,6.1,3596400.0,2.124761904761905,1.8866666666666665,2.3628571428571425,90.7933,78.079
2003-09-30,4.624090909090909,8.790454545454544,1.1468181818181817,5.358636363636363,19.532380952380954,4.274285714285715,3.1847619047619045,1.706190476190476,5.275714285714286,185.1,193.7,6.1,3575750.0,2.0880952380952382,1.8933333333333333,2.282857142857143,91.3819,78.323
2003-10-31,4.55608695652174,8.353913043478261,1.078695652173913,4.920869565217391,18.023478260869567,4.290454545454545,3.185909090909091,1.7477272727272728,5.3,184.9,194.0,6.0,3486250.0,2.2140909090909093,1.978181818181818,2.4499999999999997,91.5049,78.333
2003-11-30,4.589047619047619,8.129523809523809,1.0347619047619048,4.617619047619048,17.40105263157895,4.300000000000001,3.2872222222222223,1.9266666666666667,5.246666666666666,185.0,194.0,5.8,3373400.0,2.336111111111111,2.0172222222222222,2.655,92.1265,78.432
2003-12-31,4.49,7.775,0.9736363636363635,4.28,16.826363636363638,4.267727272727273,3.2686363636363636,1.9072727272727272,5.213181818181818,185.5,194.2,5.7,3270250.0,2.284090909090909,2.0395454545454546,2.528636363636364,92.1732,78.605
2004-01-31,4.294090909090909,7.308181818181819,0.9254545454545454,3.9400000000000004,16.101,4.1505,3.1215,1.761,5.131,186.3,194.6,5.7,3148200.0,2.263,2.0355,2.4905,92.3268,78.909
2004-02-29,4.251904761904761,7.5547619047619055,0.9428571428571428,4.258571428571429,15.99842105263158,4.084210526315789,3.067894736842105,1.7400000000000002,5.076842105263157,186.7,194.9,5.6,3114750.0,2.3221052631578947,2.21,2.4342105263157894,92.8995,79.077
2004-03-31,4.05304347826087,7.47,0.9595652173913044,4.401739130434782,17.687391304347827,3.826521739130435,2.78695652173913,1.5778260869565217,4.899565217391304,187.1,195.5,5.8,3046250.0,2.361304347826087,2.2717391304347827,2.450869565217391,92.5368,79.199
2004-04-30,4.532380952380953,7.603333333333333,0.9176190476190476,3.9752380952380952,15.69857142857143,4.347619047619047,3.38952380952381,2.070952380952381,5.277619047619048,187.4,195.9,5.6,3000750.0,2.444761904761905,2.373809523809524,2.5157142857142856,92.8957,79.346
2004-05-31,4.967142857142857,8.29857142857143,0.9676190476190476,4.250952380952381,17.705000000000002,4.7155000000000005,3.8505000000000003,2.5335,5.5105,188.2,196.2,5.6,2975600.0,2.6254999999999997,2.5125,2.7384999999999997,93.5845,79.604
2004-06-30,5.069999999999999,8.183636363636364,0.98,4.069090909090909,15.342727272727274,4.733809523809524,3.929047619047619,2.763333333333333,5.475714285714286,188.9,196.6,5.6,2950750.0,2.5876190476190475,2.521904761904762,2.6533333333333333,92.8651,79.831
2004-07-31,4.8765217391304345,7.923043478260869,0.9791304347826086,4.0117391304347825,15.502380952380953,4.498095238095239,3.688571428571428,2.6385714285714283,5.3061904761904755,189.1,196.8,5.5,2917000.0,2.473809523809524,2.3976190476190475,2.55,93.5502,79.905
2004-08-31,4.701818181818182,7.792727272727273,0.9813636363636363,4.081363636363637,16.68409090909091,4.281363636363636,3.4745454545454546,2.5081818181818183,5.1459090909090905,189.2,196.9,5.4,2891500.0,2.421818181818182,2.351363636363636,2.492272727272727,93.6301,79.946
2004-09-30,4.5604545454545455,7.488636363636363,0.9295454545454546,3.8736363636363635,14.08095238095238,4.1257142857142854,3.355238095238095,2.5252380952380955,4.983809523809524,189.8,197.5,5.4,2862750.0,2.3266666666666667,2.2523809523809524,2.400952380952381,93.7353,80.104
2004-10-31,4.536363636363636,7.341363636363636,0.9150000000000001,3.727272727272727,14.973809523809523,4.0969999999999995,3.3475,2.5845,4.944,190.8,197.9,5.5,2778000.0,2.368,2.373,2.363,94.5695,80.448
2004-11-30,4.659545454545455,7.064545454545454,0.88,3.2895454545454546,13.577619047619047,4.194,3.525,2.852,4.9475,191.7,198.3,5.4,2734500.0,2.518,2.6215,2.4145,94.8015,80.758
2004-12-31,4.683636363636364,6.945454545454546,0.8422727272727273,3.103181818181818,12.459545454545456,4.2309090909090905,3.598181818181818,3.011818181818182,4.911363636363636,191.7,198.6,5.4,2719000.0,2.562272727272727,2.674545454545455,2.4499999999999997,95.5415,80.801
2005-01-31,4.751428571428572,7.113809523809524,0.8452380952380952,3.2042857142857146,13.437999999999999,4.221500000000001,3.707,3.2225,4.765,191.6,199.0,5.3,2723800.0,2.498,2.5780000000000003,2.418,95.8785,80.907
2005-02-28,4.749499999999999,6.973000000000001,0.828,3.0515,11.708947368421052,4.165263157894737,3.7663157894736843,3.3847368421052635,4.558947368421053,192.4,199.4,5.4,2686500.0,2.5342105263157895,2.683157894736842,2.385263157894737,96.5709,81.132
2005-03-31,5.101818181818182,7.2718181818181815,0.8331818181818182,2.975,13.126363636363635,4.497727272727273,4.165454545454545,3.7268181818181816,4.774545454545454,193.1,200.1,5.2,2659500.0,2.7104545454545454,2.876818181818182,2.544090909090909,96.4345,81.375
2005-04-30,5.117727272727273,7.913181818181818,0.9868181818181818,3.7813636363636363,14.459047619047618,4.3409523809523805,3.9985714285714287,3.653809523809524,4.65,193.7,200.2,5.2,2604400.0,2.6352380952380954,2.77,2.5004761904761903,96.6347,81.603
2005-05-31,5.059090909090909,8.199545454545454,1.0672727272727274,4.227727272727273,13.967619047619047,4.144285714285714,3.8528571428571428,3.643809523809524,4.49,193.6,200.5,5.1,2586250.0,2.4909523809523813,2.5747619047619046,2.407142857142857,96.7251,81.649
2005-06-30,4.8513636363636365,7.765454545454546,0.9513636363636363,3.902727272727273,11.868636363636364,3.998181818181818,3.772272727272727,3.6404545454545456,4.279545454545455,193.7,200.6,5.0,2600000.0,2.3236363636363637,2.3813636363636363,2.265909090909091,97.1483,81.7
2005-07-31,5.009090909090909,7.572272727272727,0.9095454545454547,3.494090909090909,11.049,4.1775,3.979,3.871,4.378,194.9,200.9,5.0,2595200.0,2.3009999999999997,2.3095,2.2925,96.8397,82.046
2005-08-31,5.092173913043479,7.564782608695652,0.8799999999999999,3.3739130434782605,12.951304347826087,4.262608695652174,4.122173913043478,4.044347826086956,4.441739130434782,196.1,201.1,4.9,2580750.0,2.3734782608695655,2.4121739130434783,2.334782608695652,97.1584,82.377
2005-09-30,5.02590909090909,7.739545454545455,0.8913636363636364,3.639090909090909,12.628095238095238,4.199047619047619,4.006190476190476,3.9461904761904765,4.451904761904761,198.8,201.3,5.0,2716500.0,2.5,2.610952380952381,2.389047619047619,95.2764,83.172
2005-10-31,5.337142857142857,8.0,0.9023809523809524,3.584761904761905,14.937619047619048,4.4635,4.3285,4.271,4.6405,199.1,202.0,5.0,2803400.0,2.521,2.633,2.409,96.4411,83.305
2005-11-30,5.488181818181818,8.144090909090908,0.9395454545454546,3.6213636363636366,12.147619047619047,4.535,4.4525,4.4165,4.704,198.1,202.5,5.0,2701250.0,2.4715,2.479,2.464,97.5016,83.131
2005-12-31,5.472272727272728,8.119545454545454,0.9795454545454546,3.6545454545454548,11.26,4.467142857142857,4.392380952380953,4.404285714285714,4.62,198.1,202.8,4.9,2639400.0,2.3438095238095236,2.307142857142857,2.3804761904761906,97.9723,83.131
2006-01-31,5.36047619047619,7.964285714285714,0.9171428571428573,3.5457142857142854,12.036,4.416,4.3454999999999995,4.3955,4.5715,199.3,203.2,4.7,2557000.0,2.41,2.413,2.407,98.127,83.534
2006-02-28,5.529999999999999,7.961499999999999,0.8870000000000001,3.335,12.471052631578948,4.568947368421052,4.572105263157895,4.6684210526315795,4.574210526315789,199.4,203.6,4.8,2507250.0,2.5199999999999996,2.5921052631578947,2.4478947368421053,98.1687,83.584
2006-03-31,5.661739130434783,8.025652173913043,0.8791304347826087,3.2517391304347822,11.69391304347826,4.7239130434782615,4.716086956521739,4.73391304347826,4.734347826086957,199.7,204.3,4.7,2455500.0,2.526521739130435,2.6243478260869564,2.428695652173913,98.3913,83.746
2006-04-30,5.8845,8.0365,0.8895,3.0605,11.84736842105263,4.990526315789474,4.902105263157895,4.888947368421053,5.062631578947368,200.7,204.8,4.7,2401000.0,2.581578947368421,2.642105263157895,2.5210526315789474,98.6826,84.135
2006-05-31,5.973478260869566,8.092173913043478,0.8873913043478261,3.0186956521739132,14.454545454545455,5.11,4.997727272727273,4.968181818181818,5.201363636363637,201.3,205.4,4.6,2383750.0,2.664090909090909,2.6940909090909093,2.6340909090909093,98.7074,84.361
2006-06-30,6.081363636363636,8.397272727272728,0.9509090909090908,3.2809090909090908,16.918636363636363,5.106363636363636,5.067272727272727,5.121818181818182,5.154090909090909,201.8,205.9,4.6,2408500.0,2.5768181818181817,2.6154545454545453,2.538181818181818,99.0398,84.569
2006-07-31,6.085714285714285,8.468571428571428,0.9714285714285713,3.3704761904761904,15.325999999999999,5.0875,5.04,5.1185,5.1345,202.9,206.3,4.7,2449400.0,2.5805,2.5845,2.5765000000000002,98.9751,84.858
2006-08-31,5.873913043478261,8.296521739130435,0.9739130434782608,3.4182608695652177,13.351739130434783,4.8765217391304345,4.822173913043478,4.903478260869565,4.996086956521739,203.8,206.8,4.7,2466250.0,2.5856521739130436,2.554782608695652,2.6165217391304347,99.4047,85.125
2006-09-30,5.718636363636364,8.146818181818183,0.9704545454545453,3.428636363636364,12.1845,4.718999999999999,4.6674999999999995,4.769,4.852,202.8,207.2,4.5,2446200.0,2.3995,2.2905,2.5085,99.2246,84.902
2006-10-31,5.7263636363636365,7.991818181818181,0.9599999999999999,3.252272727272727,11.306363636363637,4.729047619047619,4.6866666666666665,4.795714285714285,4.854761904761905,201.9,207.6,4.4,2446250.0,2.317619047619048,2.1761904761904765,2.459047619047619,99.1229,84.702
2006-11-30,5.579090909090909,7.756363636363636,0.9290909090909092,3.14,10.817619047619049,4.595238095238095,4.582380952380952,4.7404761904761905,4.685714285714286,202.0,207.8,4.5,2476000.0,2.3033333333333332,2.1742857142857144,2.432380952380952,99.0963,84.731
2006-12-31,5.536190476190477,7.587142857142856,0.9176190476190476,2.9966666666666666,10.9645,4.5645,4.5329999999999995,4.6735,4.6825,203.1,208.1,4.4,2481200.0,2.314,2.25,2.378,100.1125,85.032
2007-01-31,5.704545454545454,7.545454545454546,0.8945454545454545,2.762272727272727,11.0425,4.7595238095238095,4.752857142857143,4.876190476190477,4.851904761904762,203.437,208.6,4.6,2524250.0,2.322857142857143,2.2804761904761905,2.3652380952380954,99.7546,85.316
2007-02-28,5.6485,7.37,0.8720000000000001,2.6205,11.155263157894737,4.722631578947369,4.7105263157894735,4.848947368421053,4.821578947368421,204.226,209.135,4.5,2569250.0,2.3621052631578947,2.369473684210526,2.3547368421052632,100.7166,85.581
2007-03-31,5.5260869565217385,7.428695652173913,0.9213043478260871,2.86,15.162727272727272,4.5645454545454545,4.4809090909090905,4.573636363636364,4.721818181818182,205.288,209.418,4.4,2519000.0,2.3877272727272727,2.441818181818182,2.3336363636363635,100.8952,85.894
2007-04-30,5.6445,7.4125,0.9359999999999999,2.737,12.933000000000002,4.6938095238095245,4.593333333333333,4.666190476190476,4.866190476190476,205.904,209.747,4.5,2496000.0,2.4380952380952383,2.4771428571428573,2.3990476190476193,101.5723,86.096
2007-05-31,5.706818181818182,7.316818181818181,0.9313636363636363,2.5713636363636363,13.297727272727274,4.746363636363636,4.667272727272728,4.766363636363637,4.901363636363636,206.755,210.058,4.4,2447750.0,2.372727272727273,2.377727272727273,2.3677272727272727,101.6269,86.346
2007-06-30,6.045909090909091,7.678636363636364,0.9609090909090909,2.612727272727273,14.947619047619046,5.102857142857142,5.026190476190476,4.980476190476191,5.203333333333333,207.234,210.392,4.6,2482000.0,2.4119047619047618,2.3723809523809525,2.4514285714285715,101.6547,86.529
2007-07-31,6.043636363636364,8.30090909090909,1.0781818181818181,3.3486363636363636,17.273333333333333,5.0042857142857144,4.884761904761905,4.819047619047619,5.108095238095238,207.603,210.773,4.7,2542250.0,2.3676190476190477,2.289047619047619,2.446190476190476,101.4953,86.661
2007-08-31,5.996956521739131,8.878695652173914,1.388695652173913,4.31,25.02608695652174,4.674782608695652,4.432173913043478,4.3130434782608695,4.932173913043478,207.667,211.119,4.6,2553000.0,2.236521739130435,2.043913043478261,2.429130434782609,101.6943,86.72
2007-09-30,5.9123809523809525,8.756190476190476,1.524761904761905,4.424285714285714,22.198947368421056,4.521578947368421,4.198947368421052,4.011578947368421,4.793157894736842,208.547,211.554,4.7,2537200.0,2.2642105263157895,2.0563157894736843,2.4721052631578946,101.9428,87.054
2007-10-31,5.8273913043478265,8.476521739130435,1.4526086956521738,4.160869565217391,19.115652173913045,4.527727272727272,4.198181818181818,3.967727272727273,4.7736363636363635,209.19,212.077,4.7,2561750.0,2.325454545454545,2.1913636363636364,2.4595454545454545,101.6446,87.318
2007-11-30,5.702727272727272,9.149090909090908,1.7822727272727272,5.3109090909090915,25.58238095238095,4.1485,3.6670000000000003,3.3365,4.5200000000000005,210.834,212.66,4.7,2616750.0,2.3805,2.3145,2.4465,102.2167,87.781
2007-12-31,5.8385,9.4025,2.0279999999999996,5.6945,21.651,4.0975,3.4875,3.117,4.526999999999999,211.445,213.168,5.0,2712000.0,2.3085,2.2155,2.4015,102.2764,87.984
2008-01-31,5.573181818181818,10.015,2.2077272727272725,6.796818181818182,25.816190476190474,3.744285714285714,2.9804761904761907,2.475714285714286,4.33047619047619,212.174,213.771,5.0,2798750.0,2.2752380952380955,2.1228571428571428,2.4276190476190473,102.1493,88.206
2008-02-29,5.62,10.308571428571428,2.3842857142857143,7.245238095238095,25.456,3.7375,2.779,1.973,4.517,212.687,213.939,4.9,2844250.0,2.3325,2.131,2.534,101.7756,88.382
2008-03-31,5.8305,10.821,2.887,8.083,27.103500000000004,3.5100000000000002,2.4835000000000003,1.6170000000000002,4.393,213.448,214.42,5.1,2912800.0,2.4189999999999996,2.256,2.582,101.4508,88.635
2008-04-30,6.01,10.410454545454545,2.7977272727272724,7.3931818181818185,21.562727272727273,3.675,2.8413636363636363,2.0472727272727274,4.443181818181818,213.942,214.56,5.0,2964000.0,2.3127272727272725,2.225909090909091,2.3995454545454544,100.7554,88.799
2008-05-31,6.033913043478261,10.019130434782609,2.513913043478261,6.685652173913044,18.303333333333335,3.8800000000000003,3.1533333333333333,2.4457142857142857,4.596190476190476,215.208,214.936,5.4,3013600.0,2.42,2.3604761904761906,2.4795238095238097,100.1336,89.18
2008-06-30,6.303333333333334,10.33904761904762,2.536190476190476,6.730952380952381,22.11047619047619,4.099523809523809,3.485238095238095,2.7738095238095237,4.689047619047619,217.463,215.424,5.6,3057750.0,2.470952380952381,2.516190476190476,2.4257142857142857,99.8728,89.827
2008-07-31,6.511304347826086,11.175652173913045,2.9030434782608694,7.748695652173913,24.321818181818184,4.007727272727273,3.303181818181818,2.5731818181818182,4.570909090909091,219.016,215.965,5.8,3176250.0,2.4386363636363635,2.462727272727273,2.4145454545454546,99.4194,90.245
2008-08-31,6.537272727272727,11.46,3.0727272727272723,8.19909090909091,20.695714285714285,3.8857142857142852,3.141904761904762,2.4204761904761902,4.501904761904761,218.69,216.393,6.1,3378000.0,2.2095238095238097,1.9938095238095237,2.4252380952380954,97.8491,90.172
2008-09-30,7.0195454545454545,12.184545454545455,3.816363636363637,9.19,30.23857142857143,3.6861904761904762,2.8842857142857143,2.0761904761904764,4.269047619047619,218.877,216.713,6.1,3521750.0,1.8361904761904764,1.3309523809523809,2.3414285714285716,93.5576,90.247
2008-10-31,8.726521739130435,17.790869565217392,5.654782608695652,14.942608695652174,61.17739130434782,3.814090909090909,2.726363636363636,1.6122727272727273,4.173181818181818,216.995,216.788,6.5,3731000.0,1.0618181818181818,-0.027727272727272743,2.165,94.4985,89.651
2008-11-30,8.765238095238095,20.315238095238094,6.102857142857142,17.959047619047617,62.66894736842105,3.526666666666667,2.2916666666666665,1.2127777777777777,4.004444444444444,213.153,216.947,6.8,4096600.0,0.6383333333333333,-1.3988888888888888,2.718888888888889,93.2617,88.593
2008-12-31,8.251363636363637,21.821363636363635,6.392727272727272,20.309545454545454,52.405,2.4163636363636365,1.521818181818182,0.8209090909090908,2.87,211.398,216.925,7.3,4522250.0,0.24636363636363637,-0.24000000000000002,0.7327272727272728,90.6266,88.098
2009-01-31,7.580454545454546,18.355454545454545,5.591363636363637,16.733636363636364,44.683,2.5175,1.5965,0.807,3.128,211.933,217.346,7.8,4861200.0,0.6054999999999999,0.011499999999999996,1.2005000000000001,88.3712,88.108
2009-02-28,7.651428571428572,18.468095238095238,5.330952380952381,16.536190476190477,45.57052631578947,2.87,1.8715789473684212,0.9752631578947369,3.586842105263158,212.705,217.792,8.3,5297000.0,1.1178947368421053,0.5821052631578948,1.6542105263157894,87.843,88.266
2009-03-31,8.181818181818182,19.723636363636363,5.917727272727273,17.837727272727275,44.79545454545455,2.819545454545455,1.8159090909090911,0.9313636363636365,3.6431818181818185,212.495,218.253,8.7,5765750.0,1.1104545454545454,0.5886363636363636,1.632272727272727,86.4689,88.169
2009-04-30,7.7057142857142855,17.496666666666666,5.4261904761904765,15.596666666666668,38.063809523809525,2.927142857142857,1.8580952380952382,0.927142857142857,3.76,212.709,218.706,9.0,6184500.0,1.3595238095238096,0.7476190476190476,1.9728571428571429,85.7903,88.295
2009-05-31,6.9,14.680454545454547,4.3559090909090905,12.50590909090909,31.977999999999998,3.293,2.134,0.9295,4.226999999999999,213.022,218.904,9.4,6525600.0,1.576,1.0630000000000002,2.089,84.9436,88.387
2009-06-30,6.388636363636365,13.417272727272728,3.4345454545454546,10.80590909090909,29.140454545454546,3.7218181818181817,2.705909090909091,1.184090909090909,4.516363636363637,214.79,219.112,9.5,6534250.0,1.8595454545454544,1.5259090909090909,2.1931818181818183,84.6746,88.912
2009-07-31,5.921739130434782,12.710434782608695,3.13,10.27,26.162727272727274,3.5622727272727275,2.462727272727273,1.0190909090909093,4.406818181818182,214.726,219.263,9.5,6139000.0,1.7395454545454547,1.2840909090909092,2.195,85.6853,88.922
2009-08-31,5.437142857142857,11.507619047619048,2.568095238095238,8.971428571428572,25.337142857142858,3.587142857142857,2.570952380952381,1.1152380952380954,4.370952380952382,215.445,219.496,9.6,6047800.0,1.8133333333333332,1.2814285714285714,2.3452380952380953,86.6393,89.18
2009-09-30,5.093636363636364,10.768636363636363,2.409090909090909,8.452272727272726,24.92666666666667,3.401904761904762,2.369047619047619,0.9561904761904761,4.185714285714286,215.861,219.92,9.8,5984750.0,1.76,1.3433333333333333,2.1766666666666667,87.3821,89.324
2009-10-31,4.9369565217391305,10.04391304347826,2.278260869565217,7.76304347826087,24.252272727272725,3.3876190476190478,2.3328571428571427,0.949047619047619,4.188571428571429,216.509,220.501,10.0,5765600.0,1.9042857142857144,1.5004761904761905,2.308095238095238,87.5809,89.663
2009-11-30,4.774285714285715,9.827619047619047,2.1676190476190476,7.561904761904763,23.788999999999998,3.4026315789473687,2.230526315789474,0.8031578947368421,4.314736842105264,217.234,220.666,9.9,5460500.0,2.1273684210526316,1.7463157894736843,2.508421052631579,87.9388,89.887
2009-12-31,4.755909090909091,9.325000000000001,2.0377272727272726,6.9363636363636365,21.239545454545453,3.5900000000000003,2.3404545454545453,0.8745454545454545,4.494090909090909,217.347,220.881,9.9,5141750.0,2.2254545454545456,1.9086363636363637,2.5422727272727275,88.2404,89.939
2010-01-31,4.618095238095238,8.723333333333333,1.8004761904761906,6.225714285714286,20.643157894736845,3.7331578947368427,2.4842105263157896,0.9289473684210525,4.604736842105263,217.488,220.633,9.8,4839000.0,2.358421052631579,2.066315789473684,2.650526315789474,89.1897,90.136
2010-02-28,4.626666666666667,9.141428571428571,1.8685714285714288,6.730952380952381,22.54,3.691052631578947,2.3636842105263156,0.856842105263158,4.619473684210526,217.281,220.731,9.8,4793750.0,2.272105263157895,1.9478947368421051,2.596315789473684,89.5046,90.134
2010-03-31,4.55304347826087,8.626956521739132,1.7234782608695653,6.121739130434783,17.767391304347825,3.7273913043478264,2.4330434782608696,0.9586956521739131,4.644782608695652,217.353,220.783,9.9,4731750.0,2.219130434782609,1.8717391304347826,2.566521739130435,90.1356,90.261
2010-04-30,4.492857142857143,8.234285714285715,1.5471428571428572,5.593809523809524,17.424285714285716,3.8468181818181817,2.5813636363636365,1.0604545454545455,4.693181818181818,217.403,220.822,9.9,4728000.0,2.3459090909090907,1.960909090909091,2.730909090909091,90.4607,90.31
2010-05-31,4.446666666666666,8.786666666666667,1.8485714285714285,6.5009523809523815,31.9295,3.4200000000000004,2.18,0.8305,4.286,217.29,220.962,9.6,4674800.0,2.113,1.7705000000000002,2.4555,91.7014,90.339
2010-06-30,4.508636363636364,9.128636363636364,2.085,7.016818181818182,29.916363636363634,3.2040909090909087,1.9963636363636363,0.7245454545454545,4.127727272727273,217.199,221.194,9.4,4583250.0,1.947272727272727,1.6518181818181816,2.2427272727272727,91.9033,90.301
2010-07-31,4.2043478260869565,8.636521739130433,1.9817391304347824,6.778695652173913,25.565238095238094,3.0114285714285716,1.762857142857143,0.6166666666666666,3.994285714285714,217.605,221.363,9.4,4528600.0,1.7704761904761905,1.4223809523809525,2.1185714285714288,92.2549,90.378
2010-08-31,3.867272727272727,8.325000000000001,1.8918181818181816,6.755909090909091,24.74590909090909,2.6986363636363637,1.4654545454545456,0.5204545454545455,3.803181818181818,217.923,221.509,9.5,4461250.0,1.6768181818181818,1.3363636363636362,2.0172727272727276,92.5936,90.502
2010-09-30,3.805909090909091,8.012727272727274,1.862727272727273,6.421363636363637,22.517619047619046,2.6476190476190475,1.4104761904761904,0.48,3.773333333333333,218.275,221.711,9.5,4467750.0,1.7385714285714284,1.279047619047619,2.198095238095238,92.8533,90.592
2010-10-31,3.6136363636363638,7.45090909090909,1.8059090909090911,6.008181818181819,20.37333333333333,2.54,1.1824999999999999,0.376,3.8725,219.035,221.83,9.4,4363400.0,2.0149999999999997,1.5070000000000001,2.523,92.6033,90.881
2010-11-30,3.733636363636364,7.473636363636363,1.7659090909090909,5.872727272727272,20.095714285714287,2.763,1.35,0.454,4.186,219.59,222.149,9.8,4195500.0,2.097,1.5554999999999999,2.6385,92.6686,91.062
2010-12-31,4.113913043478261,7.67,1.7091304347826088,5.551304347826087,17.56954545454545,3.290909090909091,1.9345454545454546,0.6181818181818182,4.417727272727273,220.472,222.343,9.3,4100000.0,2.2468181818181816,1.7295454545454545,2.764090909090909,93.5916,91.268
2011-01-31,4.0652380952380955,7.309523809523809,1.6185714285714288,5.1242857142857146,17.3155,3.3939999999999997,1.9945,0.6144999999999999,4.523000000000001,221.187,222.803,9.1,3918400.0,2.3335,1.9304999999999999,2.7365,93.3889,91.542
2011-02-28,4.154,7.0569999999999995,1.5175,4.657500000000001,17.43,3.5763157894736843,2.2578947368421054,0.7726315789473684,4.652105263157895,221.898,223.213,9.0,3849250.0,2.338421052631579,2.011052631578947,2.6657894736842103,93.0045,91.797
2011-03-31,4.026521739130435,7.117826086956522,1.5152173913043478,4.8365217391304345,20.723478260869566,3.4143478260869564,2.1134782608695653,0.697391304347826,4.513913043478261,223.046,223.454,9.0,3765500.0,2.4504347826086956,2.2017391304347824,2.699130434782609,93.9684,92.166
2011-04-30,4.012380952380953,6.992857142857143,1.4666666666666668,4.6623809523809525,16.244,3.4549999999999996,2.169,0.7344999999999999,4.5015,224.093,223.727,9.1,3770800.0,2.5915,2.3114999999999997,2.8715,93.6571,92.557
2011-05-31,3.7736363636363635,6.886363636363637,1.5018181818181817,4.846818181818182,16.91142857142857,3.168571428571429,1.8423809523809522,0.5552380952380952,4.293333333333333,224.806,224.175,9.0,3773750.0,2.3899999999999997,2.1776190476190473,2.6023809523809525,93.7723,92.838
2011-06-30,3.735454545454546,7.331363636363636,1.6427272727272728,5.49,19.153181818181817,3.002272727272727,1.5799999999999998,0.4104545454545454,4.232727272727273,224.806,224.697,9.1,3741750.0,2.2468181818181816,1.9554545454545453,2.5381818181818185,94.0493,92.819
2011-07-31,3.7322727272727274,7.262727272727273,1.6481818181818182,5.434545454545455,19.2275,3.003,1.541,0.40650000000000003,4.2705,225.395,225.218,9.0,3721600.0,2.3795,2.032,2.727,94.4958,92.977
2011-08-31,3.6239130434782605,8.26304347826087,2.0452173913043477,6.990434782608696,35.02913043478261,2.3030434782608693,1.0213043478260868,0.23043478260869565,3.651304347826087,226.106,225.862,9.0,3716000.0,2.167826086956522,1.7691304347826087,2.566521739130435,95.0974,93.196
2011-09-30,3.7486363636363635,8.770454545454545,2.3695454545454546,7.675454545454546,36.53,1.975238095238095,0.9004761904761904,0.21142857142857144,3.182380952380952,226.597,226.118,9.0,3742750.0,1.8976190476190478,1.6157142857142857,2.1795238095238094,95.0244,93.327
2011-10-31,3.9723809523809526,9.147142857142857,2.4771428571428573,7.908571428571429,32.829047619047614,2.152,1.0615,0.2805,3.128,226.75,226.506,8.8,3701600.0,1.966,1.6960000000000002,2.2359999999999998,95.6891,93.329
2011-11-30,3.8400000000000003,8.69590909090909,2.459090909090909,7.606363636363636,31.94190476190476,2.0134999999999996,0.908,0.2535,3.0155000000000003,227.169,226.899,8.6,3652500.0,2.012,1.761,2.263,95.6778,93.52
2011-12-31,3.950454545454545,8.594545454545456,2.5959090909090907,7.516818181818182,25.047619047619047,1.9780952380952381,0.8914285714285713,0.2571428571428572,2.9823809523809524,227.223,227.405,8.5,3573400.0,2.0095238095238095,1.6695238095238096,2.34952380952381,96.1809,93.574
2012-01-31,3.748095238095238,7.896666666666667,2.419047619047619,6.835238095238095,20.228,1.9665,0.835,0.2405,3.0260000000000002,227.842,227.877,8.3,3451250.0,2.0744999999999996,1.7570000000000001,2.3920000000000003,96.7595,93.894
2012-02-29,3.4961904761904763,7.312857142857142,2.1366666666666667,6.244285714285714,18.4205,1.9675,0.8310000000000001,0.27799999999999997,3.109,228.329,228.034,8.3,3381750.0,2.222,1.9454999999999998,2.4985,97.0662,94.104
2012-03-31,3.478695652173913,7.2043478260869565,1.9508695652173913,5.96304347826087,16.167272727272728,2.1727272727272724,1.0172727272727273,0.34454545454545454,3.2813636363636363,228.807,228.478,8.2,3336800.0,2.314090909090909,2.045909090909091,2.5822727272727275,96.5609,94.284
2012-04-30,3.4204999999999997,7.269,2.002,6.1335,17.823,2.052857142857143,0.8947619047619048,0.2919047619047619,3.1842857142857146,229.187,228.905,8.2,3323000.0,2.2666666666666666,1.9523809523809523,2.580952380952381,97.251,94.408
2012-05-31,3.3969565217391304,7.30304347826087,2.134782608695652,6.313478260869566,21.001818181818184,1.8031818181818182,0.7618181818181818,0.28500000000000003,2.930909090909091,228.713,229.224,8.2,3328000.0,2.1445454545454545,1.885,2.4040909090909093,97.4595,94.302
2012-06-30,3.4063636363636363,7.696363636363636,2.2322727272727274,6.7713636363636365,21.13095238095238,1.6223809523809525,0.7114285714285714,0.2919047619047619,2.698095238095238,228.524,229.623,8.2,3324400.0,2.1228571428571428,1.759047619047619,2.486666666666667,97.4768,94.254
2012-07-31,3.145,7.191818181818181,2.044090909090909,6.355,17.565238095238094,1.5266666666666668,0.6195238095238095,0.2480952380952381,2.59,228.59,229.97,8.2,3305750.0,2.1285714285714286,1.7671428571428571,2.4899999999999998,97.6714,94.288
2012-08-31,3.0656521739130436,6.849130434782609,1.8673913043478263,5.923043478260869,15.689565217391305,1.6782608695652175,0.7139130434782608,0.26869565217391306,2.7708695652173914,229.918,230.233,8.1,3306250.0,2.263913043478261,1.9060869565217389,2.6217391304347823,97.2734,94.605
2012-09-30,2.9376190476190476,6.527619047619047,1.7390476190476192,5.611428571428571,15.284736842105264,1.7231578947368422,0.6689473684210526,0.25526315789473686,2.8815789473684212,231.015,230.659,7.8,3314400.0,2.436315789473684,2.139473684210526,2.7331578947368422,97.2217,94.893
2012-10-31,2.791818181818182,6.4372727272727275,1.5536363636363637,5.487727272727273,16.276190476190475,1.7461904761904763,0.7085714285714286,0.27714285714285714,2.9004761904761907,231.638,231.024,7.8,3276250.0,2.494761904761905,2.174285714285714,2.815238095238095,97.5311,95.174
2012-11-30,2.7590909090909093,6.611363636363635,1.579090909090909,5.709090909090909,16.701904761904764,1.654,0.665,0.268,2.8035,231.249,231.33,7.7,3326250.0,2.4265,2.048,2.805,97.9084,95.109
2012-12-31,2.7755,6.276,1.5645000000000002,5.3365,17.307,1.719,0.696,0.257,2.8835,231.221,231.725,7.9,3190200.0,2.4765,2.0955,2.8575,98.1884,95.094
2013-01-31,2.788181818181818,5.982727272727273,1.4618181818181817,4.918181818181818,13.505238095238095,1.9147619047619049,0.8052380952380952,0.2652380952380953,3.0804761904761904,231.679,232.229,8.0,3132750.0,2.5233333333333334,2.190952380952381,2.855714285714286,98.1736,95.275
2013-02-28,2.8495,6.096,1.4785,4.993,14.072631578947368,1.9842105263157896,0.8463157894736841,0.2673684210526316,3.165263157894737,232.937,232.569,7.7,3058750.0,2.554736842105263,2.2336842105263157,2.8757894736842107,98.6434,95.614
2013-03-31,2.8242857142857143,5.891904761904762,1.470952380952381,4.804285714285714,13.0315,1.9575,0.8185,0.256,3.1625,232.282,232.794,7.5,3037800.0,2.5424999999999995,2.246,2.839,99.047,95.488
2013-04-30,2.713181818181818,5.720909090909091,1.4872727272727273,4.76409090909091,13.967272727272727,1.7590909090909093,0.7104545454545454,0.2322727272727273,2.9327272727272726,231.797,232.832,7.6,3041500.0,2.411363636363636,2.0904545454545453,2.7322727272727274,98.9445,95.391
2013-05-31,2.778695652173913,5.47608695652174,1.431304347826087,4.378260869565217,13.493636363636364,1.9281818181818182,0.8409090909090909,0.25045454545454543,3.112727272727273,231.893,232.996,7.5,3012250.0,2.283181818181818,1.981818181818182,2.5845454545454545,99.0383,95.461
2013-06-30,3.2395238095238095,6.493333333333334,1.6014285714285716,5.058095238095238,17.2715,2.3,1.2035,0.3335,3.4,232.445,233.35,7.5,2992800.0,2.0484999999999998,1.793,2.304,99.2221,95.673
2013-07-31,3.387391304347826,6.447826086956522,1.5830434782608698,4.81695652173913,13.974545454545455,2.5822727272727275,1.4031818181818183,0.3409090909090909,3.605,232.9,233.88,7.3,3020250.0,2.122272727272727,1.8577272727272727,2.3868181818181817,98.8987,95.792
2013-08-31,3.4319047619047622,6.482380952380952,1.5352380952380953,4.750952380952381,14.21,2.7372727272727273,1.5204545454545455,0.3563636363636364,3.757727272727273,233.456,234.336,7.2,2934400.0,2.1845454545454546,1.8531818181818183,2.515909090909091,99.4897,95.934
2013-09-30,3.491904761904762,6.4452380952380945,1.539047619047619,4.642857142857143,14.692000000000002,2.8095,1.5959999999999999,0.404,3.787,233.544,234.7,7.2,2895750.0,2.1454999999999997,1.7675,2.5235,100.021,95.976
2013-10-31,3.2939130434782613,6.166521739130435,1.4873913043478262,4.554347826086956,15.407826086956522,2.6159090909090907,1.366818181818182,0.33545454545454545,3.6759090909090912,233.669,234.921,7.2,2928500.0,2.1872727272727275,1.7772727272727273,2.597272727272727,99.9037,96.103
2013-11-30,3.2736363636363635,5.96,1.4377272727272727,4.321363636363636,12.924000000000001,2.718421052631579,1.3710526315789473,0.3036842105263158,3.8000000000000003,234.1,235.359,6.9,2851200.0,2.170526315789474,1.7531578947368422,2.5878947368421055,100.1582,96.246
2013-12-31,3.3066666666666666,5.883333333333333,1.341904761904762,4.087142857142857,14.192380952380953,2.901904761904762,1.5761904761904764,0.33999999999999997,3.889047619047619,234.719,235.759,6.7,2858500.0,2.163333333333333,1.6695238095238092,2.657142857142857,100.374,96.414
2014-01-31,3.2268181818181816,5.793181818181818,1.2527272727272727,3.967727272727273,14.24095238095238,2.858095238095238,1.6466666666666665,0.3938095238095238,3.7690476190476194,235.288,235.961,6.6,2876750.0,2.2261904761904763,1.7380952380952381,2.7142857142857144,99.9899,96.614
2014-02-28,3.1395,5.731,1.2595,4.0305,15.47,2.709473684210526,1.5157894736842106,0.3268421052631579,3.6626315789473685,235.547,236.185,6.7,2848750.0,2.157368421052632,1.7742105263157895,2.5405263157894735,100.7471,96.66
2014-03-31,3.15047619047619,5.598571428571428,1.2128571428571429,3.8076190476190472,14.836666666666666,2.723333333333333,1.6395238095238096,0.3990476190476191,3.620952380952381,236.028,236.625,6.7,2779200.0,2.1676190476190476,1.7771428571428571,2.558095238095238,101.7435,96.815
2014-04-30,3.115714285714286,5.527619047619048,1.1476190476190475,3.705238095238095,14.19809523809524,2.705238095238095,1.700952380952381,0.41714285714285715,3.5176190476190476,236.468,237.072,6.2,2721000.0,2.1623809523809525,1.8085714285714285,2.5161904761904763,101.8273,96.987
2014-05-31,2.9847826086956526,5.4534782608695656,1.1286956521739129,3.75,12.475238095238096,2.559047619047619,1.592857142857143,0.38904761904761903,3.3899999999999997,236.918,237.529,6.3,2667400.0,2.190952380952381,1.9357142857142857,2.4461904761904765,102.2392,97.147
2014-06-30,3.0100000000000002,5.260000000000001,1.0895238095238096,3.471904761904762,11.541428571428572,2.5985714285714288,1.679047619047619,0.4523809523809524,3.4200000000000004,237.231,237.837,6.1,2588750.0,2.229047619047619,1.9704761904761903,2.487619047619048,102.5774,97.253
2014-07-31,3.0069565217391303,5.451739130434783,1.0847826086956522,3.6530434782608694,12.296363636363635,2.5422727272727275,1.6995454545454545,0.5063636363636363,3.3318181818181816,237.498,238.195,6.2,2533500.0,2.2627272727272727,1.970909090909091,2.5545454545454542,102.7954,97.391
2014-08-31,2.9740909090909096,5.698181818181818,1.1277272727272727,3.9718181818181817,13.491904761904761,2.42,1.6314285714285712,0.4723809523809524,3.2009523809523808,237.46,238.405,6.1,2504800.0,2.1961904761904765,1.8414285714285714,2.550952380952381,102.6322,97.379
2014-09-30,3.080454545454545,5.8963636363636365,1.1409090909090909,4.06,13.466666666666667,2.5342857142857143,1.7738095238095237,0.5666666666666667,3.26,237.477,238.786,5.9,2447750.0,2.0733333333333333,1.6766666666666667,2.4699999999999998,102.9417,97.413
2014-10-31,3.0091304347826084,6.148260869565218,1.25,4.514347826086956,18.058695652173913,2.304090909090909,1.545909090909091,0.4454545454545455,3.0399999999999996,237.43,239.191,5.7,2423250.0,1.9200000000000002,1.4813636363636364,2.358636363636364,102.9611,97.384
2014-11-30,3.1147619047619046,6.135238095238096,1.318095238095238,4.457619047619048,13.413157894736841,2.3255555555555554,1.6205555555555555,0.5272222222222223,3.038333333333333,236.983,239.458,5.8,2408800.0,1.8800000000000001,1.4777777777777779,2.282222222222222,103.5978,97.291
2014-12-31,3.194545454545455,6.745000000000001,1.425,5.075909090909091,16.292272727272728,2.2072727272727275,1.64,0.6354545454545455,2.833181818181818,236.252,239.584,5.6,2380000.0,1.6968181818181818,1.2745454545454544,2.119090909090909,103.6151,97.12
2015-01-31,3.0114285714285716,6.696666666666666,1.500952380952381,5.294285714285714,19.1195,1.8815000000000002,1.3745,0.5515000000000001,2.455,234.747,239.811,5.7,2349800.0,1.607,1.2085,2.0055,102.7923,96.654
2015-02-28,3.0466666666666664,6.222380952380952,1.4252380952380952,4.711428571428572,15.90421052631579,1.9752631578947368,1.4726315789473685,0.6189473684210526,2.566315789473684,235.342,240.172,5.5,2340250.0,1.7152631578947366,1.362105263157895,2.068421052631579,102.1366,96.825
2015-03-31,3.0186363636363636,6.225454545454546,1.3468181818181817,4.664545454545455,14.812727272727273,2.0427272727272725,1.5190909090909093,0.6404545454545455,2.6263636363636365,235.976,240.755,5.4,2326500.0,1.7618181818181817,1.4772727272727273,2.0463636363636364,101.7869,97.008
2015-04-30,2.896190476190476,6.0528571428571425,1.330952380952381,4.626666666666667,13.494761904761905,1.935,1.3545454545454545,0.54,2.585909090909091,236.222,241.346,5.4,2281500.0,1.8581818181818184,1.617727272727273,2.0986363636363636,101.2255,97.094
2015-05-31,3.0985714285714283,6.128571428571428,1.3371428571428572,4.5095238095238095,13.3385,2.1975000000000002,1.5385,0.609,2.955,237.001,241.688,5.6,2260400.0,1.8655000000000002,1.6395,2.0915,100.7675,97.327
2015-06-30,3.305454545454545,6.41409090909091,1.4159090909090908,4.66,14.339545454545457,2.3636363636363638,1.6836363636363636,0.6886363636363636,3.1118181818181814,237.657,242.064,5.3,2273750.0,1.8659090909090907,1.6327272727272728,2.099090909090909,100.4588,97.516
2015-07-31,3.3421739130434784,6.8191304347826085,1.5091304347826087,5.106086956521739,14.352727272727272,2.3245454545454547,1.632272727272727,0.6677272727272727,3.066363636363637,238.034,242.565,5.2,2244750.0,1.820909090909091,1.4954545454545454,2.1463636363636365,101.0893,97.605
2015-08-31,3.391904761904762,7.283809523809524,1.6485714285714284,5.658095238095238,19.42809523809524,2.1671428571428573,1.5414285714285714,0.6976190476190476,2.855714285714286,238.033,242.817,5.1,2254000.0,1.6114285714285717,1.2295238095238095,1.9933333333333334,100.9165,97.612
2015-09-30,3.430909090909091,7.45090909090909,1.6872727272727273,5.868181818181818,24.377142857142857,2.172857142857143,1.49,0.7133333333333334,2.9528571428571433,237.498,243.316,5.0,2243000.0,1.522857142857143,1.1552380952380952,1.8904761904761906,100.633,97.477
2015-10-31,3.37,7.676521739130435,1.715217391304348,6.197391304347826,16.789545454545454,2.07,1.3857142857142857,0.6447619047619048,2.888095238095238,237.733,243.768,5.0,2207600.0,1.4985714285714284,1.1742857142857144,1.822857142857143,100.1563,97.477
2015-11-30,3.5071428571428576,7.856666666666667,1.6242857142857143,6.136190476190476,16.21,2.263157894736842,1.6710526315789473,0.884736842105263,3.03,238.017,244.241,5.1,2208500.0,1.5705263157894738,1.266315789473684,1.874736842105263,99.4366,97.538
2015-12-31,3.597727272727273,8.631818181818183,1.6990909090909092,6.870909090909091,18.025454545454547,2.2427272727272727,1.6986363636363635,0.9827272727272728,2.97,237.761,244.547,5.0,2203750.0,1.515,1.2386363636363635,1.7913636363636365,98.9471,97.456
2016-01-31,3.61952380952381,9.199523809523809,1.8842857142857143,7.625238095238095,23.717894736842105,2.0852631578947367,1.5184210526315791,0.8994736842105263,2.858421052631579,237.652,244.955,4.8,2207600.0,1.42,1.1905263157894737,1.6494736842105262,99.4391,97.496
2016-02-29,3.6209523809523807,9.533809523809524,2.1323809523809523,8.225714285714286,22.517,1.7795,1.222,0.7335,2.623,237.336,245.51,4.9,2200500.0,1.3074999999999999,1.0835,1.5314999999999999,98.9232,97.445
2016-03-31,3.441818181818182,8.443181818181818,1.8263636363636364,6.983181818181818,15.84909090909091,1.8890909090909092,1.375909090909091,0.875,2.6845454545454546,238.08,245.913,5.0,2167250.0,1.5518181818181818,1.4090909090909092,1.6945454545454546,98.1635,97.673
2016-04-30,3.137272727272727,7.96090909090909,1.6159090909090907,6.619545454545454,14.300476190476191,1.805238095238095,1.258095238095238,0.768095238095238,2.6233333333333335,238.992,246.551,5.1,2149000.0,1.6147619047619048,1.481904761904762,1.7476190476190478,98.4775,97.993
2016-05-31,3.0986363636363636,7.635454545454545,1.5513636363636365,6.260909090909092,14.852857142857141,1.8061904761904761,1.3004761904761903,0.8161904761904762,2.6276190476190475,239.557,247.137,4.8,2169750.0,1.5942857142857145,1.5204761904761905,1.668095238095238,98.2549,98.153
2016-06-30,2.99,7.345909090909092,1.5777272727272729,6.104090909090909,17.774545454545457,1.6440909090909093,1.1663636363636363,0.7313636363636363,2.4522727272727276,240.222,247.54,4.9,2156750.0,1.4700000000000002,1.4359090909090908,1.504090909090909,98.7315,98.325
2016-07-31,2.815909090909091,6.8122727272727275,1.5213636363636363,5.649090909090909,13.1585,1.504,1.0715,0.6725,2.227,240.101,247.829,4.8,2134600.0,1.4655,1.3885,1.5425,98.8452,98.342
2016-08-31,2.795217391304348,6.5252173913043485,1.4369565217391302,5.3,12.399565217391304,1.556521739130435,1.1330434782608696,0.7373913043478261,2.261739130434783,240.545,248.423,4.9,2145000.0,1.4682608695652173,1.3034782608695652,1.6330434782608696,98.7427,98.479
2016-09-30,2.84,6.425909090909091,1.4145454545454543,5.1454545454545455,14.21952380952381,1.6304761904761906,1.178095238095238,0.7709523809523811,2.3504761904761904,241.176,248.842,5.0,2109500.0,1.5147619047619048,1.3495238095238096,1.6800000000000002,98.6552,98.666
2016-10-31,2.913809523809524,6.124761904761905,1.3714285714285714,4.736666666666666,14.585238095238097,1.7645,1.272,0.843,2.5004999999999997,241.741,249.142,4.9,2072600.0,1.6669999999999998,1.5325000000000002,1.8015,98.7237,98.868
2016-11-30,3.209090909090909,6.586363636363637,1.3704545454545456,4.88909090909091,15.236190476190476,2.1420000000000003,1.596,0.9795,2.862,242.026,249.481,4.7,2044750.0,1.8219999999999998,1.6614999999999998,1.9825,98.3443,98.901
2016-12-31,3.4372727272727275,6.284545454545454,1.3095454545454546,4.282727272727272,12.472380952380954,2.491904761904762,1.9590476190476191,1.1966666666666665,3.1133333333333333,242.637,249.92,4.7,2048400.0,1.9357142857142857,1.810952380952381,2.0604761904761904,99.0406,99.071
2017-01-31,3.3566666666666665,5.962380952380952,1.279047619047619,4.011428571428572,11.6085,2.4325,1.9164999999999999,1.2065,3.019,243.618,250.467,4.7,2081000.0,2.0115,1.8855,2.1375,98.8158,99.451
2017-02-28,3.3274999999999997,5.793,1.251,3.853,11.530526315789475,2.4189473684210525,1.9015789473684213,1.2010526315789474,3.0321052631578946,244.006,250.998,4.6,2059750.0,2.0189473684210526,1.8868421052631579,2.1510526315789473,98.4356,99.586
2017-03-31,3.388260869565218,5.938695652173913,1.212608695652174,3.8982608695652172,11.89782608695652,2.4817391304347827,2.013478260869565,1.3130434782608695,3.0813043478260873,243.892,250.944,4.4,2017500.0,1.996086956521739,1.836521739130435,2.1556521739130434,99.0492,99.535
2017-04-30,3.2645000000000004,5.7875,1.238,3.911,13.136315789473684,2.2973684210526315,1.8242105263157897,1.2410526315789472,2.9415789473684213,244.193,251.227,4.4,1955400.0,1.9063157894736842,1.7484210526315789,2.0642105263157893,100.0416,99.725
2017-05-31,3.242173913043478,5.639130434782608,1.1891304347826086,3.743478260869565,10.862272727272726,2.3036363636363637,1.836818181818182,1.3018181818181818,2.959090909090909,244.004,251.43,4.4,1896250.0,1.836818181818182,1.7463636363636363,1.9272727272727272,100.128,99.682
2017-06-30,3.161363636363636,5.580909090909091,1.1768181818181818,3.7509090909090905,10.513636363636364,2.186818181818182,1.7740909090909092,1.3422727272727273,2.7963636363636364,244.163,251.746,4.3,1916750.0,1.7286363636363637,1.6327272727272728,1.8245454545454545,100.337,99.766
2017-07-31,3.18,5.62,1.1071428571428572,3.691904761904762,10.2645,2.318,1.8719999999999999,1.3725,2.884,244.243,251.985,4.3,1927200.0,1.7719999999999998,1.6415,1.9024999999999999,100.0865,99.803
2017-08-31,3.1160869565217393,5.662608695652175,1.131304347826087,3.8339130434782613,11.975652173913044,2.2091304347826086,1.7765217391304347,1.335217391304348,2.7952173913043477,245.183,252.535,4.4,1923500.0,1.7756521739130435,1.6147826086956523,1.9365217391304348,99.6323,100.027
2017-09-30,3.1295454545454544,5.568636363636364,1.1281818181818182,3.719090909090909,10.437999999999999,2.202,1.7975,1.3845,2.7765,246.435,252.812,4.3,1892800.0,1.834,1.682,1.986,99.7482,100.4
2017-10-31,3.1727272727272724,5.505454545454546,1.0236363636363637,3.492272727272727,10.125454545454545,2.3600000000000003,1.980952380952381,1.5495238095238095,2.878095238095238,246.626,253.526,4.2,1902750.0,1.861904761904762,1.7314285714285713,1.9923809523809521,100.9893,100.531
2017-11-30,3.235,5.754545454545454,1.0445454545454547,3.6818181818181817,10.54047619047619,2.3533333333333335,2.05,1.6966666666666668,2.801904761904762,247.284,253.816,4.2,1963500.0,1.8576190476190475,1.752857142857143,1.9623809523809523,101.2493,100.675
2017-12-31,3.2776190476190474,5.79047619047619,1.0033333333333334,3.6019047619047617,10.2645,2.4025,2.182,1.844,2.768,247.805,254.344,4.1,1971000.0,1.8995000000000002,1.766,2.033,101.4871,100.821
2018-01-31,3.3818181818181823,5.721818181818182,0.9468181818181818,3.3495454545454546,11.062380952380952,2.583809523809524,2.381904761904762,2.031904761904762,2.8776190476190475,248.859,255.204,4.0,1979500.0,2.0438095238095237,1.9366666666666668,2.150952380952381,101.4852,101.199
2018-02-28,3.6450000000000005,6.1495,0.966,3.5420000000000003,22.464736842105264,2.8589473684210525,2.599473684210526,2.1752631578947366,3.1310526315789473,249.529,255.711,4.1,1974250.0,2.101578947368421,1.9652631578947366,2.2378947368421054,101.7319,101.416
2018-03-31,3.7895454545454546,6.2713636363636365,1.0999999999999999,3.6386363636363637,19.023809523809526,2.8423809523809522,2.6295238095238096,2.275714285714286,3.0914285714285716,249.577,256.271,4.0,1945400.0,2.0904761904761906,2.0214285714285714,2.1595238095238094,102.1943,101.524
2018-04-30,3.869047619047619,6.17,1.1247619047619049,3.473333333333333,18.267619047619046,2.869047619047619,2.701904761904762,2.3842857142857143,3.0719047619047624,250.227,256.63,4.0,1877500.0,2.1276190476190475,2.0495238095238095,2.2057142857142855,103.3551,101.766
2018-05-31,4.004782608695652,6.278695652173913,1.1595652173913042,3.468695652173913,14.124545454545455,2.977727272727273,2.816818181818182,2.5118181818181817,3.1318181818181823,250.792,257.145,3.8,1755500.0,2.1418181818181816,2.101818181818182,2.1818181818181817,102.381,101.941
2018-06-30,4.048636363636363,6.221363636363637,1.2422727272727272,3.4518181818181817,13.678095238095239,2.9123809523809525,2.775714285714286,2.5333333333333337,3.05,251.018,257.399,4.0,1679400.0,2.1176190476190477,2.067619047619048,2.1676190476190476,103.2256,102.029
2018-07-31,4.039545454545455,6.365454545454545,1.2327272727272727,3.5900000000000003,13.147619047619049,2.889047619047619,2.7776190476190474,2.606666666666667,3.006666666666667,251.214,257.699,3.8,1654000.0,2.1142857142857143,2.0423809523809524,2.1861904761904762,103.3561,102.137
2018-08-31,3.991739130434783,6.229565217391304,1.1778260869565218,3.4526086956521738,12.54695652173913,2.889130434782609,2.767826086956522,2.6356521739130434,3.0417391304347823,251.663,257.891,3.8,1614000.0,2.0991304347826087,1.982608695652174,2.2156521739130435,104.0585,102.208
2018-09-30,4.087142857142857,6.232380952380952,1.1604761904761904,3.3414285714285716,12.910526315789474,3.004210526315789,2.8936842105263154,2.7678947368421056,3.1510526315789473,252.182,258.368,3.7,1551000.0,2.1231578947368424,2.008421052631579,2.2378947368421054,104.1038,102.418
2018-10-31,4.23695652173913,6.53,1.1691304347826088,3.5191304347826087,19.35217391304348,3.152272727272727,3.0004545454545455,2.860909090909091,3.3395454545454544,252.772,258.917,3.8,1592750.0,2.1113636363636363,1.9872727272727273,2.2354545454545454,103.9297,102.595
2018-11-30,4.365454545454546,6.991363636363636,1.3204545454545455,4.017272727272727,19.38904761904762,3.117,2.947,2.859,3.3609999999999998,252.594,259.439,3.8,1685000.0,2.004,1.8445,2.1635,104.0126,102.63
2018-12-31,4.3214999999999995,7.4975,1.512,4.7635,24.953157894736844,2.8326315789473684,2.681578947368421,2.6763157894736844,3.0957894736842104,252.767,260.063,3.9,1749600.0,1.816315789473684,1.601578947368421,2.0310526315789477,104.0451,102.701
2019-01-31,4.18,7.153181818181818,1.4995454545454547,4.572272727272727,19.57238095238095,2.713809523809524,2.536190476190476,2.543333333333333,3.0352380952380953,252.561,260.766,4.0,1779500.0,1.793809523809524,1.628095238095238,1.9595238095238094,103.3598,102.648
2019-02-28,3.969,6.664,1.324,4.128,15.234736842105262,2.6763157894736844,2.4878947368421054,2.504210526315789,3.0236842105263158,253.319,261.186,3.8,1801500.0,1.876842105263158,1.7573684210526317,1.9963157894736843,102.8251,102.836
2019-03-31,3.816818181818182,6.449090909090909,1.2659090909090909,4.010454545454546,14.485238095238095,2.570952380952381,2.3728571428571428,2.4095238095238094,2.9776190476190476,254.277,261.567,3.8,1780200.0,1.912857142857143,1.8161904761904761,2.0095238095238095,102.8361,103.069
2019-04-30,3.7042857142857146,6.172380952380952,1.1942857142857142,3.7833333333333337,12.949047619047619,2.532380952380952,2.3333333333333335,2.344761904761905,2.9404761904761907,255.233,261.997,3.7,1666500.0,1.9366666666666668,1.8385714285714285,2.0347619047619045,102.2748,103.36
2019-05-31,3.617391304347826,6.315217391304348,1.2417391304347825,4.06391304347826,16.721818181818183,2.395,2.187727272727273,2.2063636363636365,2.817727272727273,255.296,262.217,3.6,1628000.0,1.8263636363636364,1.708181818181818,1.9445454545454546,102.4176,103.435
2019-06-30,3.3452380952380953,6.113333333333333,1.292857142857143,4.214285714285714,15.836000000000002,2.074,1.825,1.814,2.5745,255.213,262.739,3.6,1631000.0,1.7,1.549,1.8510000000000002,102.5425,103.484
2019-07-31,3.226086956521739,5.892173913043479,1.1765217391304348,3.997391304347826,13.305909090909092,2.059090909090909,1.8281818181818181,1.8350000000000002,2.5727272727272728,255.802,263.28,3.7,1631000.0,1.752727272727273,1.5795454545454546,1.9259090909090908,102.0057,103.622
2019-08-31,2.9499999999999997,5.854782608695652,1.2582608695652175,4.293913043478261,18.97909090909091,1.6263636363636365,1.4868181818181818,1.5713636363636363,2.119090909090909,256.036,263.877,3.6,1619600.0,1.5863636363636362,1.3804545454545456,1.7922727272727272,102.7814,103.67
2019-09-30,2.9804761904761907,5.569047619047619,1.2242857142857144,3.9438095238095237,15.559000000000001,1.6995,1.565,1.6480000000000001,2.1580000000000004,256.43,264.388,3.5,1581000.0,1.5870000000000002,1.3935,1.7805,102.4601,103.733
2019-10-31,2.938695652173913,5.693043478260869,1.1991304347826086,4.098260869565218,15.466521739130435,1.7068181818181818,1.525,1.5513636363636365,2.1904545454545454,257.155,264.97,3.6,1618500.0,1.560909090909091,1.4022727272727273,1.7195454545454545,101.5878,103.917
2019-11-30,2.9576190476190476,5.73952380952381,1.1233333333333333,4.05,12.5235,1.8121052631578947,1.6394736842105262,1.6126315789473684,2.2805263157894737,257.879,265.548,3.6,1685200.0,1.6405263157894736,1.5484210526315791,1.7326315789473685,102.1494,104.024
2019-12-31,2.915238095238095,5.44904761904762,1.0476190476190477,3.721904761904762,13.756666666666666,1.8628571428571428,1.6823809523809523,1.6133333333333335,2.2976190476190474,258.63,266.02,3.6,1769500.0,1.7180952380952381,1.6214285714285712,1.8147619047619048,101.9421,104.307
2020-01-31,2.7827272727272727,5.214090909090909,1.0213636363636363,3.6013636363636365,13.94095238095238,1.7576190476190479,1.5623809523809524,1.5190476190476192,2.216190476190476,259.127,266.716,3.6,1800250.0,1.720952380952381,1.6523809523809525,1.7895238095238095,101.3372,104.49
2020-02-29,2.6033333333333335,5.291428571428572,1.0833333333333333,3.921904761904762,19.628947368421052,1.5042105263157897,1.3236842105263158,1.3310526315789473,1.9705263157894735,259.25,267.37,3.5,1770200.0,1.6157894736842104,1.5810526315789473,1.6505263157894736,101.6718,104.573
2020-03-31,3.416363636363636,8.524090909090908,2.584090909090909,7.854090909090909,57.73681818181819,0.87,0.5918181818181818,0.4481818181818182,1.4549999999999998,258.076,267.054,4.4,3709750.0,0.9868181818181818,0.6745454545454546,1.299090909090909,97.606,104.271
2020-04-30,3.1647619047619053,8.57,2.548095238095238,8.138095238095238,41.453809523809525,0.6576190476190477,0.3880952380952381,0.2247619047619048,1.2652380952380953,256.032,265.746,14.8,17032000.0,1.1033333333333335,0.7585714285714286,1.448095238095238,84.6812,103.838
2020-05-31,2.700909090909091,7.692727272727273,2.0795454545454546,7.287272727272727,30.897000000000002,0.674,0.3395,0.1705,1.378,255.802,265.412,13.2,20326400.0,1.1155,0.7649999999999999,1.466,86.0108,103.942
2020-06-30,2.305909090909091,6.489545454545455,1.6377272727272727,6.066363636363636,31.119545454545456,0.7286363636363636,0.34454545454545454,0.18500000000000003,1.4936363636363637,257.042,265.849,11.0,17678500.0,1.2731818181818182,1.014090909090909,1.5322727272727272,91.6745,104.27
2020-07-31,2.043913043478261,6.0547826086956515,1.463913043478261,5.699565217391305,26.840454545454545,0.6236363636363637,0.2786363636363636,0.1481818181818182,1.3104545454545453,258.352,267.389,10.2,16563000.0,1.4563636363636363,1.3131818181818182,1.5995454545454544,95.0037,104.578
2020-08-31,1.9533333333333331,5.475238095238096,1.3642857142857143,5.123809523809523,22.88952380952381,0.65,0.26666666666666666,0.13952380952380952,1.358095238095238,259.316,268.422,8.4,14013400.0,1.6614285714285715,1.5504761904761906,1.7723809523809524,95.9294,104.87
2020-09-30,1.9868181818181818,5.618636363636363,1.3790909090909091,5.26,27.64761904761905,0.6795238095238095,0.26952380952380955,0.13476190476190478,1.4228571428571428,259.997,268.933,7.8,11824250.0,1.6561904761904762,1.5323809523809524,1.78,95.8914,105.057
2020-10-31,2.031304347826087,5.477826086956521,1.3417391304347825,5.052173913043478,29.438636363636363,0.7871428571428571,0.3357142857142857,0.14952380952380953,1.5685714285714285,260.319,269.306,6.9,7871400.0,1.7038095238095239,1.560952380952381,1.8466666666666667,96.5256,105.151
2020-11-30,1.946190476190476,5.0095238095238095,1.198095238095238,4.5252380952380955,24.9955,0.8700000000000001,0.3878947368421053,0.16578947368421051,1.615263157894737,260.911,269.981,6.7,5948250.0,1.7121052631578948,1.6252631578947367,1.7989473684210526,96.9529,105.258
2020-12-31,1.8436363636363637,4.537727272727273,1.0745454545454545,4.044545454545455,22.37409090909091,0.9336363636363636,0.3859090909090909,0.13590909090909092,1.6704545454545454,262.045,270.341,6.7,5384500.0,1.9159090909090908,1.8654545454545455,1.9663636363636363,98.2039,105.699
2021-01-31,1.87,4.344285714285714,1.0147619047619048,3.7804761904761905,24.91,1.0810526315789473,0.44526315789473686,0.1310526315789474,1.8247368421052632,262.639,270.416,6.4,4944600.0,2.081578947368421,2.1031578947368423,2.06,98.8135,106.147
2021-02-28,1.9571428571428573,4.197619047619048,0.9719047619047619,3.526190476190476,23.140526315789476,1.2578947368421052,0.5426315789473685,0.11526315789473685,2.0426315789473684,263.573,270.776,6.2,4431750.0,2.18,2.311578947368421,2.048421052631579,95.5072,106.5
2021-03-31,2.238695652173913,4.4830434782608695,1.0017391304347825,3.5473913043478262,21.84304347826087,1.6108695652173912,0.8230434782608695,0.14695652173913046,2.3391304347826085,264.847,271.453,6.1,3975250.0,2.2752173913043476,2.4969565217391305,2.053478260869565,98.1929,107.054
2021-04-30,2.189047619047619,4.234285714285714,0.9457142857142857,3.268095238095238,17.416190476190476,1.635,0.8618181818181818,0.16318181818181818,2.2995454545454543,266.625,273.626,6.1,3788000.0,2.3495454545454546,2.5295454545454543,2.1695454545454544,98.3317,107.618
2021-05-31,2.159047619047619,4.287142857142857,0.92,3.3338095238095242,19.7605,1.621,0.8195,0.155,2.316,268.404,275.457,5.8,3621600.0,2.468,2.6495,2.2865,99.1867,108.175
2021-06-30,2.0895454545454544,4.117272727272727,0.885909090909091,3.174545454545455,16.956818181818182,1.5190909090909093,0.8386363636363636,0.20272727272727273,2.1636363636363636,270.71,277.608,5.9,3299250.0,2.3427272727272728,2.4645454545454544,2.2209090909090907,99.6483,108.76
2021-07-31,1.9899999999999998,4.023478260869566,0.9043478260869565,3.17304347826087,17.603333333333335,1.3185714285714287,0.7642857142857143,0.21952380952380954,1.9428571428571426,271.965,278.639,5.4,3010800.0,2.3276190476190477,2.4966666666666666,2.1585714285714284,100.0668,109.256
2021-08-31,1.9995454545454543,4.160909090909091,0.9322727272727274,3.321363636363636,17.472727272727273,1.2831818181818182,0.7722727272727273,0.21727272727272728,1.9163636363636363,272.752,279.021,5.1,2786250.0,2.3486363636363636,2.4936363636363637,2.2036363636363636,100.0412,109.674
2021-09-30,2.023181818181818,4.036363636363636,0.9009090909090909,3.117272727272727,19.824761904761903,1.3747619047619049,0.8638095238095238,0.24095238095238097,1.9357142857142857,273.942,279.727,4.7,2723000.0,2.3442857142857143,2.4966666666666666,2.191904761904762,98.9955,110.034
2021-10-31,2.201363636363636,4.287272727272727,0.8940909090909092,3.149090909090909,17.871428571428574,1.5825,1.106,0.39249999999999996,2.0595,276.528,281.649,4.5,2360000.0,2.535,2.745,2.325,100.3542,110.762
2021-11-30,2.265909090909091,4.4363636363636365,0.9345454545454545,3.2245454545454546,18.50047619047619,1.5595,1.2025000000000001,0.508,1.9355,278.824,283.411,4.2,1923500.0,2.616,2.9825,2.2495000000000003,101.2684,111.5
2021-12-31,2.330454545454545,4.485454545454545,1.0040909090909091,3.269545454545455,21.354545454545455,1.4649999999999999,1.2295454545454545,0.68,1.8477272727272727,280.806,285.221,3.9,1716500.0,2.458181818181818,2.749090909090909,2.1672727272727275,101.1948,112.191
2022-01-31,2.6123809523809522,4.74,0.9980952380952381,3.2247619047619045,23.181,1.764,1.5385,0.9804999999999999,2.0995,282.542,286.799,4.0,1701200.0,2.4495,2.7969999999999997,2.102,101.2146,112.805
2022-02-28,3.0235,5.432,1.155,3.646,25.748421052631578,1.9342105263157894,1.8115789473684212,1.4352631578947368,2.2463157894736843,284.525,288.256,3.8,1631250.0,2.4578947368421056,2.8705263157894736,2.0452631578947367,101.8458,113.471
2022-03-31,3.506521739130435,5.865652173913043,1.372608695652174,3.7886956521739132,26.968695652173913,2.1278260869565218,2.1091304347826085,1.9095652173913045,2.4065217391304348,287.467,289.044,3.7,1541250.0,2.8465217391304347,3.4108695652173915,2.2821739130434784,102.6732,114.469
2022-04-30,3.996666666666667,6.362857142857143,1.2780952380952382,3.6523809523809527,24.3735,2.7475,2.7775,2.538,2.8120000000000003,288.582,290.474,3.7,1429400.0,2.884,3.3155,2.4524999999999997,102.9024,114.812
2022-05-31,4.315909090909091,7.315,1.4595454545454545,4.487727272727273,29.313636363636363,2.8980952380952383,2.874285714285714,2.6166666666666667,3.0657142857142854,291.299,292.039,3.6,1366250.0,2.6885714285714286,3.027142857142857,2.35,102.9659,115.525
2022-06-30,4.639545454545455,8.03,1.470909090909091,4.87,28.23318181818182,3.1433333333333335,3.19,2.998095238095238,3.2457142857142856,295.072,294.009,3.6,1368250.0,2.6176190476190477,2.893333333333333,2.341904761904762,102.8224,116.638
2022-07-31,4.592727272727273,8.261363636363637,1.5731818181818182,5.300909090909091,24.995238095238093,2.896,2.9635,3.036,3.1025,294.94,295.08,3.5,1395000.0,2.362,2.5835,2.1405000000000003,103.0505,116.631
2022-08-31,4.56695652173913,7.586956521739131,1.4508695652173913,4.526521739130435,22.169565217391302,2.8978260869565218,3.0273913043478258,3.25,3.1295652173913044,295.162,296.582,3.6,1419000.0,2.508260869565217,2.683913043478261,2.3326086956521737,103.1703,116.956
2022-09-30,5.218636363636364,8.682727272727274,1.5154545454545454,4.985454545454545,27.34181818181818,3.5190476190476194,3.6966666666666663,3.8566666666666665,3.558095238095238,296.421,298.281,3.5,1394500.0,2.3823809523809523,2.4504761904761905,2.3142857142857145,103.5326,117.371
2022-10-31,5.878095238095238,9.195238095238095,1.6647619047619049,4.998095238095238,30.005714285714287,3.9835000000000003,4.178,4.375,4.04,297.979,299.381,3.6,1413000.0,2.3935,2.4705,2.3165,103.4442,117.919
2022-11-30,5.681363636363636,8.795454545454545,1.5095454545454545,4.676818181818182,23.29909090909091,3.8909999999999996,4.0555,4.5035,3.999,298.708,300.316,3.6,1459750.0,2.371,2.4445,2.2975000000000003,103.1058,118.224
2022-12-31,5.297727272727273,8.458181818181817,1.3868181818181817,4.583181818181818,21.784285714285716,3.616190476190476,3.7642857142857142,4.288571428571428,3.659047619047619,298.808,301.433,3.5,1565600.0,2.2595238095238095,2.3166666666666664,2.2023809523809526,101.8266,118.384
2023-01-31,5.136190476190476,8.098095238095238,1.3176190476190477,4.343809523809524,20.16904761904762,3.5315,3.643,4.2075000000000005,3.6645000000000003,300.456,302.685,3.5,1602500.0,2.237,2.234,2.2399999999999998,102.7476,119.018
2023-02-28,5.3115000000000006,8.25,1.242,4.2005,20.1205,3.7468421052631578,3.9421052631578952,4.5336842105263155,3.8021052631578947,301.476,304.097,3.6,1643750.0,2.333684210526316,2.446842105263158,2.2205263157894737,102.8003,119.369
2023-03-31,5.43304347826087,8.64391304347826,1.446521739130435,4.691304347826088,21.644347826086957,3.6630434782608696,3.823478260869565,4.302608695652173,3.7708695652173914,301.643,305.123,3.5,1680750.0,2.3021739130434784,2.3778260869565218,2.2265217391304346,102.8143,119.538
2023-04-30,5.1725,8.245000000000001,1.4084999999999999,4.5655,17.817894736842106,3.46,3.537,4.016,3.6845,302.858,306.49,3.4,1713600.0,2.2664999999999997,2.308,2.225,103.2241,119.951
2023-05-31,5.346956521739131,8.476521739130435,1.4560869565217391,4.688260869565218,17.63608695652174,3.5736363636363637,3.5913636363636368,4.131818181818182,3.855454545454545,303.316,307.623,3.6,1724250.0,2.213636363636364,2.1554545454545457,2.2718181818181815,102.9809,120.15
2023-06-30,5.504545454545454,8.41909090909091,1.366818181818182,4.294090909090909,14.003181818181817,3.7480952380952384,3.9495238095238094,4.639523809523809,3.8676190476190477,304.099,308.291,3.6,1763250.0,2.2004761904761905,2.1395238095238094,2.261428571428571,102.3809,120.469
2023-07-31,5.551428571428572,8.246666666666666,1.2619047619047619,3.9371428571428573,13.932380952380951,3.8994999999999997,4.1415,4.8285,3.9590000000000005,304.615,308.959,3.5,1780400.0,2.2965,2.2075,2.3855,103.0722,120.607
2023-08-31,5.724347826086956,8.36695652173913,1.23,3.9030434782608694,15.85391304347826,4.167826086956522,4.306521739130434,4.901739130434782,4.28,306.138,309.646,3.7,1808750.0,2.3352173913043477,2.2395652173913043,2.4308695652173915,103.0951,120.97
2023-09-30,5.8931818181818185,8.530909090909091,1.2204545454545455,3.889090909090909,15.173333333333332,4.379,4.487,5.022,4.473000000000001,307.374,310.616,3.8,1800200.0,2.342,2.2535,2.4305,103.3081,121.419
2023-10-31,6.2731818181818175,9.234545454545454,1.2931818181818182,4.3554545454545455,18.887727272727272,4.798095238095239,4.772380952380952,5.067619047619048,4.946666666666666,307.653,311.433,3.9,1812750.0,2.386190476190476,2.31,2.4623809523809523,102.5781,121.484
2023-11-30,5.929090909090909,8.615909090909092,1.2131818181818181,3.985909090909091,14.01909090909091,4.502857142857143,4.486190476190477,4.882380952380952,4.66,308.087,312.373,3.7,1803750.0,2.3042857142857143,2.247142857142857,2.3614285714285717,102.8868,121.493
2023-12-31,5.3185714285714285,7.717142857142857,1.072857142857143,3.5742857142857143,12.7185,4.0200000000000005,4.0045,4.457,4.1445,308.735,313.23,3.8,1796000.0,2.1845,2.1275,2.2415,102.6309,121.66
2024-01-31,5.252727272727273,7.636818181818182,1.0272727272727273,3.5459090909090913,13.388636363636364,4.058095238095238,3.9838095238095237,4.322857142857143,4.258095238095239,309.794,314.389,3.7,1775250.0,2.2661904761904763,2.2247619047619045,2.3076190476190477,101.483,122.23
2024-02-29,5.39,7.656190476190476,0.9804761904761905,3.3600000000000003,13.980476190476189,4.2075000000000005,4.188000000000001,4.544,4.377000000000001,311.022,315.555,3.9,1791250.0,2.2824999999999998,2.3169999999999997,2.248,102.7267,122.598
2024-03-31,5.37047619047619,7.51095238095238,0.9542857142857143,3.18047619047619,13.7875,4.2085,4.201,4.588,4.36,312.107,316.762,3.9,1795800.0,2.3114999999999997,2.381,2.242,102.5186,123.038
2024-04-30,5.635909090909091,7.870454545454546,0.92,3.227272727272727,16.137727272727275,4.539090909090909,4.556818181818182,4.873181818181818,4.659090909090909,313.016,317.596,3.9,1781500.0,2.394090909090909,2.451363636363636,2.3368181818181815,102.3568,123.341
2024-05-31,5.555652173913043,7.707826086956522,0.8895652173913043,3.11695652173913,13.058695652173913,4.482272727272727,4.499090909090909,4.856363636363636,4.62,313.14,318.053,4.0,1797750.0,2.334090909090909,2.333181818181818,2.335,102.9797,123.348
2024-06-30,5.442380952380953,7.6152380952380945,0.9357142857142856,3.2,12.667,4.3052631578947365,4.316842105263158,4.7368421052631575,4.4447368421052635,313.131,318.343,4.1,1844200.0,2.255263157894737,2.2142105263157896,2.296315789473684,103.2534,123.539
2024-07-31,5.337391304347826,7.4286956521739125,0.9343478260869567,3.1552173913043475,14.373913043478263,4.248636363636364,4.161818181818182,4.495909090909091,4.461363636363637,313.566,318.933,4.2,1867250.0,2.2745454545454544,2.1845454545454546,2.3645454545454547,102.5192,123.736
2024-08-31,4.9995652173913046,7.180000000000001,1.0047826086956522,3.3660869565217393,19.312272727272727,3.8709090909090906,3.7122727272727274,3.9654545454545453,4.153636363636363,314.131,319.839,4.2,1856000.0,2.11,1.973181818181818,2.2468181818181816,103.0196,123.889
2024-09-30,4.754761904761905,6.85,0.9609523809523809,3.258095238095238,17.663333333333334,3.7235,3.497,3.6225,4.0445,314.851,320.835,4.1,1835250.0,2.1075,1.9669999999999999,2.248,102.5954,124.164
2024-10-31,4.986521739130435,6.875217391304347,0.8552173913043477,2.930434782608696,19.960869565217394,4.095454545454545,3.9104545454545456,3.972272727272727,4.375454545454545,315.564,321.688,4.1,1872000.0,2.2859090909090907,2.2313636363636364,2.3404545454545453,102.2138,124.494
2024-11-30,5.180454545454546,6.967727272727273,0.8068181818181818,2.6963636363636363,16.015238095238097,4.35578947368421,4.228421052631579,4.2573684210526315,4.536842105263158,316.449,322.619,4.2,1880000.0,2.3210526315789473,2.3878947368421053,2.254210526315789,101.9503,124.637
2024-12-31,5.1945,7.018571428571428,0.8035,2.755238095238095,15.866190476190477,4.3914285714285715,4.251428571428572,4.225714285714285,4.58047619047619,317.603,323.296,4.1,1860750.0,2.3033333333333332,2.363809523809524,2.242857142857143,103.0447,124.979
2025-01-31,5.377272727272727,7.119090909090909,0.8227272727272728,2.7204545454545457,16.763636363636365,4.629047619047618,4.429047619047619,4.271904761904762,4.853809523809524,319.086,324.739,4.0,1865250.0,2.40047619047619,2.4904761904761905,2.3104761904761904,102.8805,125.417
2025-02-28,5.2465,6.965000000000001,0.8230000000000001,2.7085,16.968,4.451052631578947,4.280526315789474,4.21,4.680526315789473,319.775,325.475,4.1,1859750.0,2.4242105263157896,2.6073684210526316,2.241052631578947,103.8705,125.921
2025-03-31,5.168571428571429,7.235714285714285,0.9176190476190476,3.1714285714285713,21.841428571428573,4.2804761904761905,4.043333333333333,3.97,4.5980952380952385,319.615,325.659,4.2,1863200.0,2.3342857142857145,2.532380952380952,2.136190476190476,103.5408,125.941
2025-04-30,5.306190476190476,7.959047619047619,1.1057142857142856,4.034761904761905,31.966190476190473,4.279047619047619,3.9133333333333336,3.7776190476190474,4.7109523809523814,320.321,326.43,4.2,1872750.0,2.2409523809523813,2.348095238095238,2.133809523809524,103.6224,126.15
2025-05-31,5.296956521739131,7.395652173913043,0.9608695652173914,3.354347826086957,20.46227272727273,4.423809523809524,4.023333333333333,3.9199999999999995,4.904761904761905,320.58,326.854,4.2,1906000.0,2.3133333333333335,2.383809523809524,2.242857142857143,103.657,126.38
2025-06-30,5.177142857142857,7.113333333333333,0.8804761904761904,3.125238095238095,18.403333333333336,4.3835,3.963,3.8890000000000002,4.891,321.5,327.6,4.1,1952750.0,2.2969999999999997,2.3255,2.2685,104.2115,126.743
2025-07-31,5.09304347826087,6.8591304347826085,0.8060869565217391,2.889130434782609,16.381304347826084,4.391818181818182,3.9486363636363637,3.8822727272727273,4.921818181818182,322.132,328.656,4.2,1950250.0,2.3836363636363633,2.442727272727273,2.3245454545454547,103.8194,126.949
2025-08-31,4.9386363636363635,6.696363636363636,0.7863636363636364,2.902727272727273,15.75,4.2647619047619045,3.7861904761904763,3.703809523809524,4.868571428571428,323.364,329.793,4.3,1942600.0,2.381904761904762,2.4385714285714286,2.3252380952380953,103.9203,127.285
2025-09-30,4.797272727272728,6.482727272727273,0.7718181818181818,2.788181818181818,15.789090909090909,4.12047619047619,3.662380952380952,3.5685714285714285,4.742857142857143,324.368,330.542,4.3,1927000.0,2.3714285714285714,2.4257142857142857,2.317142857142857,103.9203,127.285
2025-10-31,4.744782608695652,6.567391304347827,0.7760869565217392,2.924782608695652,18.086521739130436,4.0618181818181816,3.6486363636363635,3.5213636363636365,4.636818181818182,324.368,330.542,,1927000.0,2.305,2.3581818181818184,2.251818181818182,,
2025-11-30,4.851,6.797,0.827,3.072,18.498,4.12,3.708888888888889,3.585555555555556,4.7011111111111115,,,,,2.286,2.378,2.194,,
